detail_id,transaction_id,item_id,quantity,item_name,item_price,price
5000,T0000006343,S002,2,PC-B,85000,170000
5001,T0000001811,S003,1,PC-C,120000,120000
5002,T0000000527,S003,2,PC-C,120000,240000
5003,T0000000916,S004,4,PC-D,180000,720000
5004,T0000001708,S005,1,PC-E,210000,210000
5005,T0000003574,S005,1,PC-E,210000,210000
5006,T0000003319,S003,4,PC-C,120000,480000
5007,T0000001406,S005,1,PC-E,210000,210000
5008,T0000001241,S003,3,PC-C,120000,360000
5009,T0000005206,S003,4,PC-C,120000,480000
5010,T0000003133,S003,3,PC-C,120000,360000
5011,T0000000798,S001,4,PC-A,50000,200000
5012,T0000001523,S001,4,PC-A,50000,200000
5013,T0000004107,S001,3,PC-A,50000,150000
5014,T0000004928,S001,4,PC-A,50000,200000
5015,T0000002888,S002,2,PC-B,85000,170000
5016,T0000002690,S004,3,PC-D,180000,540000
5017,T0000004091,S004,4,PC-D,180000,720000
5018,T0000001241,S003,3,PC-C,120000,360000
5019,T0000005768,S005,4,PC-E,210000,840000
5020,T0000006249,S001,4,PC-A,50000,200000
5021,T0000000690,S004,2,PC-D,180000,360000
5022,T0000000527,S004,2,PC-D,180000,360000
5023,T0000001495,S001,2,PC-A,50000,100000
5024,T0000003825,S002,4,PC-B,85000,340000
5025,T0000002893,S002,2,PC-B,85000,170000
5026,T0000000892,S004,3,PC-D,180000,540000
5027,T0000000386,S002,4,PC-B,85000,340000
5028,T0000001249,S001,3,PC-A,50000,150000
5029,T0000002528,S004,2,PC-D,180000,360000
5030,T0000005873,S001,4,PC-A,50000,200000
5031,T0000004503,S002,3,PC-B,85000,255000
5032,T0000003528,S001,1,PC-A,50000,50000
5033,T0000005772,S002,3,PC-B,85000,255000
5034,T0000000897,S002,4,PC-B,85000,340000
5035,T0000000710,S001,1,PC-A,50000,50000
5036,T0000003695,S002,2,PC-B,85000,170000
5037,T0000002686,S003,2,PC-C,120000,240000
5038,T0000005778,S001,3,PC-A,50000,150000
5039,T0000005013,S003,2,PC-C,120000,240000
5040,T0000006346,S001,3,PC-A,50000,150000
5041,T0000004512,S002,3,PC-B,85000,255000
5042,T0000000415,S002,3,PC-B,85000,255000
5043,T0000001471,S004,3,PC-D,180000,540000
5044,T0000005631,S004,4,PC-D,180000,720000
5045,T0000004180,S003,4,PC-C,120000,480000
5046,T0000004262,S002,1,PC-B,85000,85000
5047,T0000002431,S004,1,PC-D,180000,180000
5048,T0000002515,S002,2,PC-B,85000,170000
5049,T0000001095,S001,4,PC-A,50000,200000
5050,T0000000809,S004,1,PC-D,180000,180000
5051,T0000003044,S003,4,PC-C,120000,480000
5052,T0000005640,S004,4,PC-D,180000,720000
5053,T0000005912,S002,2,PC-B,85000,170000
5054,T0000006616,S005,2,PC-E,210000,420000
5055,T0000000992,S005,3,PC-E,210000,630000
5056,T0000001281,S002,4,PC-B,85000,340000
5057,T0000004370,S001,3,PC-A,50000,150000
5058,T0000001773,S004,3,PC-D,180000,540000
5059,T0000003561,S005,3,PC-E,210000,630000
5060,T0000003816,S001,4,PC-A,50000,200000
5061,T0000006633,S002,4,PC-B,85000,340000
5062,T0000001756,S001,3,PC-A,50000,150000
5063,T0000002373,S002,4,PC-B,85000,340000
5064,T0000002576,S004,3,PC-D,180000,540000
5065,T0000000891,S001,1,PC-A,50000,50000
5066,T0000004184,S004,4,PC-D,180000,720000
5067,T0000006629,S001,2,PC-A,50000,100000
5068,T0000000707,S002,2,PC-B,85000,170000
5069,T0000002397,S002,3,PC-B,85000,255000
5070,T0000004482,S001,1,PC-A,50000,50000
5071,T0000002134,S002,4,PC-B,85000,340000
5072,T0000002354,S003,3,PC-C,120000,360000
5073,T0000005969,S003,1,PC-C,120000,120000
5074,T0000005273,S004,1,PC-D,180000,180000
5075,T0000004535,S003,4,PC-C,120000,480000
5076,T0000006407,S003,2,PC-C,120000,240000
5077,T0000000976,S005,2,PC-E,210000,420000
5078,T0000000734,S005,1,PC-E,210000,210000
5079,T0000002468,S005,2,PC-E,210000,420000
5080,T0000002540,S005,1,PC-E,210000,210000
5081,T0000000632,S002,1,PC-B,85000,85000
5082,T0000005088,S004,1,PC-D,180000,180000
5083,T0000006554,S004,2,PC-D,180000,360000
5084,T0000004268,S003,3,PC-C,120000,360000
5085,T0000004099,S004,2,PC-D,180000,360000
5086,T0000002901,S003,3,PC-C,120000,360000
5087,T0000001663,S004,2,PC-D,180000,360000
5088,T0000002015,S001,4,PC-A,50000,200000
5089,T0000005591,S001,4,PC-A,50000,200000
5090,T0000003181,S004,2,PC-D,180000,360000
5091,T0000005156,S002,4,PC-B,85000,340000
5092,T0000004063,S003,4,PC-C,120000,480000
5093,T0000002630,S004,4,PC-D,180000,720000
5094,T0000003872,S003,4,PC-C,120000,480000
5095,T0000001054,S005,3,PC-E,210000,630000
5096,T0000000380,S004,1,PC-D,180000,180000
5097,T0000005387,S002,3,PC-B,85000,255000
5098,T0000003082,S005,1,PC-E,210000,210000
5099,T0000002391,S004,1,PC-D,180000,180000
5100,T0000001592,S001,2,PC-A,50000,100000
5101,T0000004261,S004,2,PC-D,180000,360000
5102,T0000002747,S001,2,PC-A,50000,100000
5103,T0000002389,S001,2,PC-A,50000,100000
5104,T0000003553,S004,2,PC-D,180000,360000
5105,T0000005138,S004,3,PC-D,180000,540000
5106,T0000005747,S001,3,PC-A,50000,150000
5107,T0000003027,S003,4,PC-C,120000,480000
5108,T0000001207,S005,3,PC-E,210000,630000
5109,T0000003853,S002,3,PC-B,85000,255000
5110,T0000000544,S004,2,PC-D,180000,360000
5111,T0000003081,S005,4,PC-E,210000,840000
5112,T0000003663,S005,3,PC-E,210000,630000
5113,T0000002239,S003,3,PC-C,120000,360000
5114,T0000002367,S005,4,PC-E,210000,840000
5115,T0000003773,S004,1,PC-D,180000,180000
5116,T0000002627,S005,2,PC-E,210000,420000
5117,T0000006618,S004,3,PC-D,180000,540000
5118,T0000003931,S004,3,PC-D,180000,540000
5119,T0000006780,S001,4,PC-A,50000,200000
5120,T0000002474,S003,3,PC-C,120000,360000
5121,T0000003130,S002,2,PC-B,85000,170000
5122,T0000003507,S001,3,PC-A,50000,150000
5123,T0000000096,S002,1,PC-B,85000,85000
5124,T0000006639,S004,2,PC-D,180000,360000
5125,T0000003858,S001,1,PC-A,50000,50000
5126,T0000002708,S005,4,PC-E,210000,840000
5127,T0000005397,S005,2,PC-E,210000,420000
5128,T0000003336,S002,3,PC-B,85000,255000
5129,T0000006152,S004,2,PC-D,180000,360000
5130,T0000000456,S002,2,PC-B,85000,170000
5131,T0000005914,S003,2,PC-C,120000,240000
5132,T0000004368,S005,1,PC-E,210000,210000
5133,T0000002987,S001,4,PC-A,50000,200000
5134,T0000004088,S001,2,PC-A,50000,100000
5135,T0000003884,S001,3,PC-A,50000,150000
5136,T0000001031,S005,2,PC-E,210000,420000
5137,T0000000207,S004,2,PC-D,180000,360000
5138,T0000001937,S005,4,PC-E,210000,840000
5139,T0000005756,S005,3,PC-E,210000,630000
5140,T0000001146,S001,3,PC-A,50000,150000
5141,T0000005152,S005,1,PC-E,210000,210000
5142,T0000005632,S001,3,PC-A,50000,150000
5143,T0000004299,S004,3,PC-D,180000,540000
5144,T0000006661,S003,3,PC-C,120000,360000
5145,T0000005928,S001,2,PC-A,50000,100000
5146,T0000002564,S002,1,PC-B,85000,85000
5147,T0000000442,S003,3,PC-C,120000,360000
5148,T0000004784,S004,3,PC-D,180000,540000
5149,T0000000832,S003,3,PC-C,120000,360000
5150,T0000006482,S001,2,PC-A,50000,100000
5151,T0000001461,S004,2,PC-D,180000,360000
5152,T0000003516,S002,1,PC-B,85000,85000
5153,T0000001159,S001,4,PC-A,50000,200000
5154,T0000000386,S001,1,PC-A,50000,50000
5155,T0000002041,S004,2,PC-D,180000,360000
5156,T0000002553,S004,3,PC-D,180000,540000
5157,T0000005444,S003,3,PC-C,120000,360000
5158,T0000001718,S002,1,PC-B,85000,85000
5159,T0000004775,S003,3,PC-C,120000,360000
5160,T0000004050,S003,2,PC-C,120000,240000
5161,T0000003409,S001,1,PC-A,50000,50000
5162,T0000000689,S004,4,PC-D,180000,720000
5163,T0000005664,S001,2,PC-A,50000,100000
5164,T0000006766,S002,2,PC-B,85000,170000
5165,T0000001169,S003,3,PC-C,120000,360000
5166,T0000004988,S002,2,PC-B,85000,170000
5167,T0000000952,S004,2,PC-D,180000,360000
5168,T0000005350,S004,4,PC-D,180000,720000
5169,T0000004879,S005,3,PC-E,210000,630000
5170,T0000006142,S002,2,PC-B,85000,170000
5171,T0000005967,S001,3,PC-A,50000,150000
5172,T0000004590,S002,2,PC-B,85000,170000
5173,T0000003496,S003,4,PC-C,120000,480000
5174,T0000003917,S004,3,PC-D,180000,540000
5175,T0000004842,S004,3,PC-D,180000,540000
5176,T0000002484,S002,4,PC-B,85000,340000
5177,T0000001854,S002,1,PC-B,85000,85000
5178,T0000003439,S002,2,PC-B,85000,170000
5179,T0000006488,S003,2,PC-C,120000,240000
5180,T0000003231,S003,1,PC-C,120000,120000
5181,T0000002597,S001,3,PC-A,50000,150000
5182,T0000003983,S002,3,PC-B,85000,255000
5183,T0000006684,S001,4,PC-A,50000,200000
5184,T0000002191,S005,4,PC-E,210000,840000
5185,T0000002635,S003,4,PC-C,120000,480000
5186,T0000000656,S004,1,PC-D,180000,180000
5187,T0000003812,S005,1,PC-E,210000,210000
5188,T0000005978,S004,3,PC-D,180000,540000
5189,T0000006488,S005,4,PC-E,210000,840000
5190,T0000003340,S001,3,PC-A,50000,150000
5191,T0000003911,S001,1,PC-A,50000,50000
5192,T0000001796,S003,2,PC-C,120000,240000
5193,T0000004363,S004,3,PC-D,180000,540000
5194,T0000006312,S005,1,PC-E,210000,210000
5195,T0000001762,S002,4,PC-B,85000,340000
5196,T0000006176,S002,2,PC-B,85000,170000
5197,T0000004472,S003,2,PC-C,120000,240000
5198,T0000003285,S004,2,PC-D,180000,360000
5199,T0000001585,S002,4,PC-B,85000,340000
5200,T0000005559,S003,2,PC-C,120000,240000
5201,T0000003563,S003,1,PC-C,120000,120000
5202,T0000002440,S004,3,PC-D,180000,540000
5203,T0000004584,S002,2,PC-B,85000,170000
5204,T0000004817,S002,2,PC-B,85000,170000
5205,T0000005041,S002,1,PC-B,85000,85000
5206,T0000003100,S001,4,PC-A,50000,200000
5207,T0000006182,S002,2,PC-B,85000,170000
5208,T0000005731,S005,1,PC-E,210000,210000
5209,T0000003244,S001,1,PC-A,50000,50000
5210,T0000001040,S001,4,PC-A,50000,200000
5211,T0000003127,S001,4,PC-A,50000,200000
5212,T0000002273,S001,3,PC-A,50000,150000
5213,T0000003629,S003,2,PC-C,120000,240000
5214,T0000002114,S005,3,PC-E,210000,630000
5215,T0000001677,S004,1,PC-D,180000,180000
5216,T0000003094,S002,2,PC-B,85000,170000
5217,T0000000998,S001,1,PC-A,50000,50000
5218,T0000005873,S004,1,PC-D,180000,180000
5219,T0000002284,S003,1,PC-C,120000,120000
5220,T0000005052,S004,4,PC-D,180000,720000
5221,T0000001589,S001,4,PC-A,50000,200000
5222,T0000001161,S005,2,PC-E,210000,420000
5223,T0000002520,S004,1,PC-D,180000,180000
5224,T0000005964,S001,1,PC-A,50000,50000
5225,T0000003855,S001,2,PC-A,50000,100000
5226,T0000004648,S002,3,PC-B,85000,255000
5227,T0000005729,S002,1,PC-B,85000,85000
5228,T0000000694,S005,4,PC-E,210000,840000
5229,T0000004412,S002,3,PC-B,85000,255000
5230,T0000006741,S005,3,PC-E,210000,630000
5231,T0000004863,S003,3,PC-C,120000,360000
5232,T0000003798,S003,3,PC-C,120000,360000
5233,T0000003683,S002,3,PC-B,85000,255000
5234,T0000006704,S003,3,PC-C,120000,360000
5235,T0000001971,S004,2,PC-D,180000,360000
5236,T0000006401,S004,2,PC-D,180000,360000
5237,T0000001503,S004,3,PC-D,180000,540000
5238,T0000003249,S003,4,PC-C,120000,480000
5239,T0000004218,S004,2,PC-D,180000,360000
5240,T0000006485,S005,2,PC-E,210000,420000
5241,T0000003242,S001,3,PC-A,50000,150000
5242,T0000001868,S002,4,PC-B,85000,340000
5243,T0000001671,S005,3,PC-E,210000,630000
5244,T0000001082,S004,4,PC-D,180000,720000
5245,T0000001728,S001,4,PC-A,50000,200000
5246,T0000003851,S002,1,PC-B,85000,85000
5247,T0000006403,S005,2,PC-E,210000,420000
5248,T0000006092,S002,3,PC-B,85000,255000
5249,T0000002142,S003,2,PC-C,120000,240000
5250,T0000001148,S004,2,PC-D,180000,360000
5251,T0000006184,S005,4,PC-E,210000,840000
5252,T0000006010,S005,2,PC-E,210000,420000
5253,T0000000253,S001,1,PC-A,50000,50000
5254,T0000004102,S001,3,PC-A,50000,150000
5255,T0000003542,S001,2,PC-A,50000,100000
5256,T0000002775,S002,3,PC-B,85000,255000
5257,T0000006212,S004,2,PC-D,180000,360000
5258,T0000004637,S002,3,PC-B,85000,255000
5259,T0000003333,S004,3,PC-D,180000,540000
5260,T0000004184,S005,3,PC-E,210000,630000
5261,T0000006034,S002,2,PC-B,85000,170000
5262,T0000003279,S002,1,PC-B,85000,85000
5263,T0000004308,S002,3,PC-B,85000,255000
5264,T0000002881,S003,4,PC-C,120000,480000
5265,T0000000265,S004,4,PC-D,180000,720000
5266,T0000002340,S004,4,PC-D,180000,720000
5267,T0000005326,S002,1,PC-B,85000,85000
5268,T0000006476,S003,3,PC-C,120000,360000
5269,T0000003148,S002,1,PC-B,85000,85000
5270,T0000003359,S004,3,PC-D,180000,540000
5271,T0000001004,S005,1,PC-E,210000,210000
5272,T0000002094,S003,3,PC-C,120000,360000
5273,T0000004717,S003,4,PC-C,120000,480000
5274,T0000003271,S002,3,PC-B,85000,255000
5275,T0000004522,S005,1,PC-E,210000,210000
5276,T0000000209,S004,3,PC-D,180000,540000
5277,T0000000887,S001,2,PC-A,50000,100000
5278,T0000005539,S004,3,PC-D,180000,540000
5279,T0000000153,S004,4,PC-D,180000,720000
5280,T0000003593,S005,3,PC-E,210000,630000
5281,T0000000414,S003,2,PC-C,120000,240000
5282,T0000003424,S004,2,PC-D,180000,360000
5283,T0000005276,S003,2,PC-C,120000,240000
5284,T0000001284,S005,1,PC-E,210000,210000
5285,T0000003148,S005,2,PC-E,210000,420000
5286,T0000000768,S002,1,PC-B,85000,85000
5287,T0000000982,S001,2,PC-A,50000,100000
5288,T0000005607,S005,1,PC-E,210000,210000
5289,T0000003202,S005,2,PC-E,210000,420000
5290,T0000004674,S003,2,PC-C,120000,240000
5291,T0000003526,S005,3,PC-E,210000,630000
5292,T0000002787,S004,2,PC-D,180000,360000
5293,T0000002210,S002,3,PC-B,85000,255000
5294,T0000001038,S002,2,PC-B,85000,170000
5295,T0000006338,S004,2,PC-D,180000,360000
5296,T0000003932,S005,3,PC-E,210000,630000
5297,T0000000541,S001,3,PC-A,50000,150000
5298,T0000000358,S005,1,PC-E,210000,210000
5299,T0000000849,S002,4,PC-B,85000,340000
5300,T0000004522,S001,3,PC-A,50000,150000
5301,T0000002544,S003,1,PC-C,120000,120000
5302,T0000004581,S003,2,PC-C,120000,240000
5303,T0000001831,S005,3,PC-E,210000,630000
5304,T0000001472,S005,3,PC-E,210000,630000
5305,T0000001436,S001,2,PC-A,50000,100000
5306,T0000000329,S001,2,PC-A,50000,100000
5307,T0000005851,S005,2,PC-E,210000,420000
5308,T0000005266,S002,2,PC-B,85000,170000
5309,T0000004354,S003,4,PC-C,120000,480000
5310,T0000006435,S001,3,PC-A,50000,150000
5311,T0000004238,S002,2,PC-B,85000,170000
5312,T0000006112,S005,2,PC-E,210000,420000
5313,T0000004008,S004,4,PC-D,180000,720000
5314,T0000004722,S001,3,PC-A,50000,150000
5315,T0000001388,S004,1,PC-D,180000,180000
5316,T0000004185,S002,3,PC-B,85000,255000
5317,T0000000719,S003,1,PC-C,120000,120000
5318,T0000003235,S002,4,PC-B,85000,340000
5319,T0000004576,S003,2,PC-C,120000,240000
5320,T0000002131,S002,4,PC-B,85000,340000
5321,T0000001100,S001,3,PC-A,50000,150000
5322,T0000000672,S001,2,PC-A,50000,100000
5323,T0000000516,S004,3,PC-D,180000,540000
5324,T0000002532,S002,1,PC-B,85000,85000
5325,T0000005709,S002,3,PC-B,85000,255000
5326,T0000003670,S004,4,PC-D,180000,720000
5327,T0000000781,S005,4,PC-E,210000,840000
5328,T0000006247,S002,4,PC-B,85000,340000
5329,T0000003523,S002,2,PC-B,85000,170000
5330,T0000003558,S002,3,PC-B,85000,255000
5331,T0000006131,S005,2,PC-E,210000,420000
5332,T0000002386,S001,3,PC-A,50000,150000
5333,T0000004782,S004,1,PC-D,180000,180000
5334,T0000001589,S005,3,PC-E,210000,630000
5335,T0000004995,S003,3,PC-C,120000,360000
5336,T0000001501,S003,3,PC-C,120000,360000
5337,T0000003794,S005,3,PC-E,210000,630000
5338,T0000006750,S005,1,PC-E,210000,210000
5339,T0000004318,S001,2,PC-A,50000,100000
5340,T0000003080,S003,4,PC-C,120000,480000
5341,T0000001076,S004,3,PC-D,180000,540000
5342,T0000001100,S002,4,PC-B,85000,340000
5343,T0000005837,S002,4,PC-B,85000,340000
5344,T0000000502,S001,4,PC-A,50000,200000
5345,T0000001339,S001,4,PC-A,50000,200000
5346,T0000003885,S003,3,PC-C,120000,360000
5347,T0000000623,S004,4,PC-D,180000,720000
5348,T0000001886,S004,3,PC-D,180000,540000
5349,T0000006308,S005,1,PC-E,210000,210000
5350,T0000003350,S001,2,PC-A,50000,100000
5351,T0000001050,S002,2,PC-B,85000,170000
5352,T0000005189,S002,3,PC-B,85000,255000
5353,T0000006081,S003,3,PC-C,120000,360000
5354,T0000005484,S002,2,PC-B,85000,170000
5355,T0000003772,S004,4,PC-D,180000,720000
5356,T0000003916,S004,3,PC-D,180000,540000
5357,T0000004018,S001,4,PC-A,50000,200000
5358,T0000001329,S003,3,PC-C,120000,360000
5359,T0000005243,S002,3,PC-B,85000,255000
5360,T0000004114,S001,1,PC-A,50000,50000
5361,T0000005376,S005,1,PC-E,210000,210000
5362,T0000003367,S005,2,PC-E,210000,420000
5363,T0000005141,S002,1,PC-B,85000,85000
5364,T0000003951,S002,1,PC-B,85000,85000
5365,T0000005084,S002,2,PC-B,85000,170000
5366,T0000002497,S004,4,PC-D,180000,720000
5367,T0000006695,S002,1,PC-B,85000,85000
5368,T0000001573,S005,4,PC-E,210000,840000
5369,T0000005167,S002,2,PC-B,85000,170000
5370,T0000002634,S003,3,PC-C,120000,360000
5371,T0000002768,S005,4,PC-E,210000,840000
5372,T0000005302,S003,2,PC-C,120000,240000
5373,T0000005554,S005,4,PC-E,210000,840000
5374,T0000006250,S001,2,PC-A,50000,100000
5375,T0000001211,S005,2,PC-E,210000,420000
5376,T0000000775,S005,3,PC-E,210000,630000
5377,T0000005955,S003,4,PC-C,120000,480000
5378,T0000005962,S003,3,PC-C,120000,360000
5379,T0000001160,S005,3,PC-E,210000,630000
5380,T0000005977,S005,4,PC-E,210000,840000
5381,T0000002383,S004,4,PC-D,180000,720000
5382,T0000002654,S001,2,PC-A,50000,100000
5383,T0000005876,S001,4,PC-A,50000,200000
5384,T0000003540,S002,2,PC-B,85000,170000
5385,T0000004697,S005,2,PC-E,210000,420000
5386,T0000005690,S005,2,PC-E,210000,420000
5387,T0000006546,S005,2,PC-E,210000,420000
5388,T0000004635,S005,2,PC-E,210000,420000
5389,T0000001095,S001,2,PC-A,50000,100000
5390,T0000005901,S003,4,PC-C,120000,480000
5391,T0000000023,S004,4,PC-D,180000,720000
5392,T0000004719,S003,1,PC-C,120000,120000
5393,T0000005931,S003,4,PC-C,120000,480000
5394,T0000003556,S001,3,PC-A,50000,150000
5395,T0000001079,S004,1,PC-D,180000,180000
5396,T0000005081,S005,4,PC-E,210000,840000
5397,T0000004318,S001,3,PC-A,50000,150000
5398,T0000000178,S001,4,PC-A,50000,200000
5399,T0000002847,S004,2,PC-D,180000,360000
5400,T0000006577,S002,1,PC-B,85000,85000
5401,T0000001960,S001,2,PC-A,50000,100000
5402,T0000001473,S003,1,PC-C,120000,120000
5403,T0000004888,S003,1,PC-C,120000,120000
5404,T0000004979,S005,2,PC-E,210000,420000
5405,T0000006635,S001,1,PC-A,50000,50000
5406,T0000001212,S005,1,PC-E,210000,210000
5407,T0000005697,S001,4,PC-A,50000,200000
5408,T0000000809,S004,3,PC-D,180000,540000
5409,T0000005056,S001,2,PC-A,50000,100000
5410,T0000000419,S002,4,PC-B,85000,340000
5411,T0000003659,S003,4,PC-C,120000,480000
5412,T0000005283,S004,2,PC-D,180000,360000
5413,T0000003816,S003,1,PC-C,120000,120000
5414,T0000001278,S005,2,PC-E,210000,420000
5415,T0000002523,S004,3,PC-D,180000,540000
5416,T0000001440,S002,3,PC-B,85000,255000
5417,T0000006313,S003,2,PC-C,120000,240000
5418,T0000001340,S001,4,PC-A,50000,200000
5419,T0000002221,S001,2,PC-A,50000,100000
5420,T0000006613,S001,3,PC-A,50000,150000
5421,T0000002392,S004,2,PC-D,180000,360000
5422,T0000006588,S002,1,PC-B,85000,85000
5423,T0000005137,S002,2,PC-B,85000,170000
5424,T0000005189,S002,4,PC-B,85000,340000
5425,T0000001361,S003,1,PC-C,120000,120000
5426,T0000006771,S004,3,PC-D,180000,540000
5427,T0000000591,S001,2,PC-A,50000,100000
5428,T0000000526,S003,4,PC-C,120000,480000
5429,T0000002503,S002,4,PC-B,85000,340000
5430,T0000001292,S001,3,PC-A,50000,150000
5431,T0000001654,S004,2,PC-D,180000,360000
5432,T0000004906,S005,4,PC-E,210000,840000
5433,T0000000187,S002,1,PC-B,85000,85000
5434,T0000005688,S002,2,PC-B,85000,170000
5435,T0000002758,S002,3,PC-B,85000,255000
5436,T0000000528,S002,1,PC-B,85000,85000
5437,T0000000433,S001,2,PC-A,50000,100000
5438,T0000006431,S004,4,PC-D,180000,720000
5439,T0000006037,S003,3,PC-C,120000,360000
5440,T0000006642,S001,3,PC-A,50000,150000
5441,T0000003512,S004,2,PC-D,180000,360000
5442,T0000001804,S003,3,PC-C,120000,360000
5443,T0000000302,S002,1,PC-B,85000,85000
5444,T0000004182,S004,2,PC-D,180000,360000
5445,T0000000437,S002,1,PC-B,85000,85000
5446,T0000002588,S004,3,PC-D,180000,540000
5447,T0000005141,S005,3,PC-E,210000,630000
5448,T0000000832,S002,3,PC-B,85000,255000
5449,T0000000796,S002,1,PC-B,85000,85000
5450,T0000000559,S002,3,PC-B,85000,255000
5451,T0000003588,S001,2,PC-A,50000,100000
5452,T0000000761,S003,4,PC-C,120000,480000
5453,T0000005794,S002,2,PC-B,85000,170000
5454,T0000003574,S002,4,PC-B,85000,340000
5455,T0000003785,S001,3,PC-A,50000,150000
5456,T0000002514,S001,2,PC-A,50000,100000
5457,T0000005220,S005,1,PC-E,210000,210000
5458,T0000000684,S004,4,PC-D,180000,720000
5459,T0000005260,S002,1,PC-B,85000,85000
5460,T0000004233,S004,4,PC-D,180000,720000
5461,T0000000577,S001,3,PC-A,50000,150000
5462,T0000004805,S001,2,PC-A,50000,100000
5463,T0000000227,S005,4,PC-E,210000,840000
5464,T0000002328,S003,2,PC-C,120000,240000
5465,T0000002731,S001,4,PC-A,50000,200000
5466,T0000000827,S002,4,PC-B,85000,340000
5467,T0000000430,S005,3,PC-E,210000,630000
5468,T0000001063,S003,4,PC-C,120000,480000
5469,T0000001709,S005,1,PC-E,210000,210000
5470,T0000005782,S001,4,PC-A,50000,200000
5471,T0000001234,S003,4,PC-C,120000,480000
5472,T0000000301,S004,4,PC-D,180000,720000
5473,T0000005205,S003,3,PC-C,120000,360000
5474,T0000001420,S002,2,PC-B,85000,170000
5475,T0000004628,S004,2,PC-D,180000,360000
5476,T0000000768,S004,3,PC-D,180000,540000
5477,T0000006034,S002,1,PC-B,85000,85000
5478,T0000001404,S004,1,PC-D,180000,180000
5479,T0000000443,S001,3,PC-A,50000,150000
5480,T0000003104,S003,2,PC-C,120000,240000
5481,T0000004355,S003,1,PC-C,120000,120000
5482,T0000003305,S002,3,PC-B,85000,255000
5483,T0000001538,S001,2,PC-A,50000,100000
5484,T0000003930,S004,1,PC-D,180000,180000
5485,T0000001331,S003,1,PC-C,120000,120000
5486,T0000000069,S003,3,PC-C,120000,360000
5487,T0000005573,S003,2,PC-C,120000,240000
5488,T0000005558,S003,1,PC-C,120000,120000
5489,T0000005944,S005,3,PC-E,210000,630000
5490,T0000003435,S002,1,PC-B,85000,85000
5491,T0000000480,S004,2,PC-D,180000,360000
5492,T0000005263,S004,4,PC-D,180000,720000
5493,T0000004094,S002,1,PC-B,85000,85000
5494,T0000006167,S001,2,PC-A,50000,100000
5495,T0000003496,S002,1,PC-B,85000,85000
5496,T0000002793,S003,4,PC-C,120000,480000
5497,T0000002892,S003,4,PC-C,120000,480000
5498,T0000001198,S002,1,PC-B,85000,85000
5499,T0000002372,S002,3,PC-B,85000,255000
5500,T0000001892,S004,1,PC-D,180000,180000
5501,T0000005790,S004,2,PC-D,180000,360000
5502,T0000001883,S005,3,PC-E,210000,630000
5503,T0000005467,S005,2,PC-E,210000,420000
5504,T0000000797,S003,2,PC-C,120000,240000
5505,T0000000017,S005,3,PC-E,210000,630000
5506,T0000000043,S005,4,PC-E,210000,840000
5507,T0000000154,S001,2,PC-A,50000,100000
5508,T0000004962,S002,1,PC-B,85000,85000
5509,T0000003448,S004,4,PC-D,180000,720000
5510,T0000004838,S005,4,PC-E,210000,840000
5511,T0000004080,S004,3,PC-D,180000,540000
5512,T0000005947,S005,1,PC-E,210000,210000
5513,T0000001425,S005,1,PC-E,210000,210000
5514,T0000004320,S003,4,PC-C,120000,480000
5515,T0000004312,S001,2,PC-A,50000,100000
5516,T0000003639,S002,2,PC-B,85000,170000
5517,T0000004126,S002,1,PC-B,85000,85000
5518,T0000001892,S003,4,PC-C,120000,480000
5519,T0000005178,S003,4,PC-C,120000,480000
5520,T0000006011,S002,4,PC-B,85000,340000
5521,T0000000897,S002,3,PC-B,85000,255000
5522,T0000003424,S001,1,PC-A,50000,50000
5523,T0000004540,S005,1,PC-E,210000,210000
5524,T0000001258,S001,2,PC-A,50000,100000
5525,T0000005226,S002,2,PC-B,85000,170000
5526,T0000005310,S005,1,PC-E,210000,210000
5527,T0000002015,S002,1,PC-B,85000,85000
5528,T0000006673,S001,2,PC-A,50000,100000
5529,T0000006032,S001,1,PC-A,50000,50000
5530,T0000004833,S001,2,PC-A,50000,100000
5531,T0000001702,S005,1,PC-E,210000,210000
5532,T0000000873,S004,3,PC-D,180000,540000
5533,T0000000565,S004,3,PC-D,180000,540000
5534,T0000002018,S002,4,PC-B,85000,340000
5535,T0000001885,S005,1,PC-E,210000,210000
5536,T0000002123,S003,2,PC-C,120000,240000
5537,T0000004642,S004,1,PC-D,180000,180000
5538,T0000002314,S005,1,PC-E,210000,210000
5539,T0000004412,S005,4,PC-E,210000,840000
5540,T0000003883,S004,2,PC-D,180000,360000
5541,T0000003192,S005,1,PC-E,210000,210000
5542,T0000001859,S005,2,PC-E,210000,420000
5543,T0000000024,S004,1,PC-D,180000,180000
5544,T0000003503,S001,4,PC-A,50000,200000
5545,T0000004255,S002,2,PC-B,85000,170000
5546,T0000006739,S003,1,PC-C,120000,120000
5547,T0000001137,S002,3,PC-B,85000,255000
5548,T0000004995,S001,2,PC-A,50000,100000
5549,T0000006645,S001,4,PC-A,50000,200000
5550,T0000001189,S005,3,PC-E,210000,630000
5551,T0000004798,S002,2,PC-B,85000,170000
5552,T0000004096,S001,2,PC-A,50000,100000
5553,T0000006018,S002,2,PC-B,85000,170000
5554,T0000003157,S001,2,PC-A,50000,100000
5555,T0000002367,S003,1,PC-C,120000,120000
5556,T0000005520,S001,1,PC-A,50000,50000
5557,T0000004477,S002,2,PC-B,85000,170000
5558,T0000001741,S005,4,PC-E,210000,840000
5559,T0000003688,S002,1,PC-B,85000,85000
5560,T0000005922,S004,2,PC-D,180000,360000
5561,T0000005369,S002,2,PC-B,85000,170000
5562,T0000005644,S003,4,PC-C,120000,480000
5563,T0000003746,S003,4,PC-C,120000,480000
5564,T0000005674,S003,4,PC-C,120000,480000
5565,T0000000897,S001,3,PC-A,50000,150000
5566,T0000004023,S003,2,PC-C,120000,240000
5567,T0000000716,S002,4,PC-B,85000,340000
5568,T0000003967,S005,2,PC-E,210000,420000
5569,T0000006450,S003,1,PC-C,120000,120000
5570,T0000004021,S002,2,PC-B,85000,170000
5571,T0000003215,S001,2,PC-A,50000,100000
5572,T0000000390,S001,3,PC-A,50000,150000
5573,T0000003884,S005,1,PC-E,210000,210000
5574,T0000001699,S005,1,PC-E,210000,210000
5575,T0000003037,S002,3,PC-B,85000,255000
5576,T0000006441,S005,4,PC-E,210000,840000
5577,T0000000232,S005,4,PC-E,210000,840000
5578,T0000001926,S001,2,PC-A,50000,100000
5579,T0000006414,S002,3,PC-B,85000,255000
5580,T0000003131,S005,4,PC-E,210000,840000
5581,T0000005415,S002,1,PC-B,85000,85000
5582,T0000003306,S003,3,PC-C,120000,360000
5583,T0000002724,S001,4,PC-A,50000,200000
5584,T0000004801,S001,1,PC-A,50000,50000
5585,T0000000233,S001,3,PC-A,50000,150000
5586,T0000001391,S004,2,PC-D,180000,360000
5587,T0000002892,S002,2,PC-B,85000,170000
5588,T0000001255,S003,1,PC-C,120000,120000
5589,T0000005992,S005,4,PC-E,210000,840000
5590,T0000002538,S003,4,PC-C,120000,480000
5591,T0000003690,S002,3,PC-B,85000,255000
5592,T0000006646,S001,1,PC-A,50000,50000
5593,T0000000889,S004,4,PC-D,180000,720000
5594,T0000004687,S002,2,PC-B,85000,170000
5595,T0000000745,S002,1,PC-B,85000,85000
5596,T0000001719,S005,2,PC-E,210000,420000
5597,T0000000427,S003,1,PC-C,120000,120000
5598,T0000000731,S003,3,PC-C,120000,360000
5599,T0000000799,S005,4,PC-E,210000,840000
5600,T0000006507,S004,4,PC-D,180000,720000
5601,T0000004297,S001,4,PC-A,50000,200000
5602,T0000006289,S001,2,PC-A,50000,100000
5603,T0000000835,S004,4,PC-D,180000,720000
5604,T0000006782,S005,1,PC-E,210000,210000
5605,T0000000134,S002,2,PC-B,85000,170000
5606,T0000006769,S003,3,PC-C,120000,360000
5607,T0000005383,S002,2,PC-B,85000,170000
5608,T0000006207,S003,3,PC-C,120000,360000
5609,T0000002538,S002,2,PC-B,85000,170000
5610,T0000003718,S005,4,PC-E,210000,840000
5611,T0000000040,S005,3,PC-E,210000,630000
5612,T0000003367,S004,4,PC-D,180000,720000
5613,T0000005008,S002,2,PC-B,85000,170000
5614,T0000005825,S002,3,PC-B,85000,255000
5615,T0000005070,S004,1,PC-D,180000,180000
5616,T0000005229,S004,1,PC-D,180000,180000
5617,T0000002415,S005,2,PC-E,210000,420000
5618,T0000005555,S005,3,PC-E,210000,630000
5619,T0000002040,S002,1,PC-B,85000,85000
5620,T0000004339,S005,4,PC-E,210000,840000
5621,T0000002949,S005,4,PC-E,210000,840000
5622,T0000004261,S002,2,PC-B,85000,170000
5623,T0000005145,S004,4,PC-D,180000,720000
5624,T0000003466,S002,4,PC-B,85000,340000
5625,T0000005593,S001,4,PC-A,50000,200000
5626,T0000003088,S002,1,PC-B,85000,85000
5627,T0000004823,S001,3,PC-A,50000,150000
5628,T0000001115,S002,2,PC-B,85000,170000
5629,T0000004578,S001,3,PC-A,50000,150000
5630,T0000002590,S001,3,PC-A,50000,150000
5631,T0000003573,S002,3,PC-B,85000,255000
5632,T0000002978,S005,1,PC-E,210000,210000
5633,T0000002447,S003,4,PC-C,120000,480000
5634,T0000001230,S005,2,PC-E,210000,420000
5635,T0000002666,S001,3,PC-A,50000,150000
5636,T0000006244,S002,4,PC-B,85000,340000
5637,T0000004975,S002,1,PC-B,85000,85000
5638,T0000004925,S002,3,PC-B,85000,255000
5639,T0000006120,S002,4,PC-B,85000,340000
5640,T0000004854,S003,1,PC-C,120000,120000
5641,T0000004258,S004,4,PC-D,180000,720000
5642,T0000005292,S001,2,PC-A,50000,100000
5643,T0000006645,S003,4,PC-C,120000,480000
5644,T0000002594,S005,4,PC-E,210000,840000
5645,T0000005403,S004,2,PC-D,180000,360000
5646,T0000003430,S004,2,PC-D,180000,360000
5647,T0000006524,S002,4,PC-B,85000,340000
5648,T0000002917,S003,2,PC-C,120000,240000
5649,T0000002952,S005,4,PC-E,210000,840000
5650,T0000001995,S002,3,PC-B,85000,255000
5651,T0000006030,S002,4,PC-B,85000,340000
5652,T0000005652,S001,1,PC-A,50000,50000
5653,T0000003891,S004,2,PC-D,180000,360000
5654,T0000006752,S005,3,PC-E,210000,630000
5655,T0000000306,S004,2,PC-D,180000,360000
5656,T0000001362,S003,2,PC-C,120000,240000
5657,T0000002102,S001,2,PC-A,50000,100000
5658,T0000003030,S002,1,PC-B,85000,85000
5659,T0000000332,S001,1,PC-A,50000,50000
5660,T0000006270,S002,4,PC-B,85000,340000
5661,T0000002752,S001,1,PC-A,50000,50000
5662,T0000000242,S002,2,PC-B,85000,170000
5663,T0000001884,S004,3,PC-D,180000,540000
5664,T0000006743,S004,3,PC-D,180000,540000
5665,T0000001432,S004,3,PC-D,180000,540000
5666,T0000002550,S004,2,PC-D,180000,360000
5667,T0000006747,S001,1,PC-A,50000,50000
5668,T0000000302,S002,3,PC-B,85000,255000
5669,T0000004330,S004,2,PC-D,180000,360000
5670,T0000003109,S001,2,PC-A,50000,100000
5671,T0000002186,S002,3,PC-B,85000,255000
5672,T0000004290,S001,3,PC-A,50000,150000
5673,T0000001550,S004,4,PC-D,180000,720000
5674,T0000001792,S003,4,PC-C,120000,480000
5675,T0000000646,S001,2,PC-A,50000,100000
5676,T0000006144,S004,4,PC-D,180000,720000
5677,T0000004656,S005,4,PC-E,210000,840000
5678,T0000005215,S002,3,PC-B,85000,255000
5679,T0000000712,S004,4,PC-D,180000,720000
5680,T0000004508,S005,2,PC-E,210000,420000
5681,T0000000537,S001,3,PC-A,50000,150000
5682,T0000005974,S001,4,PC-A,50000,200000
5683,T0000006572,S005,4,PC-E,210000,840000
5684,T0000000234,S005,4,PC-E,210000,840000
5685,T0000002396,S002,1,PC-B,85000,85000
5686,T0000005875,S001,4,PC-A,50000,200000
5687,T0000005989,S005,4,PC-E,210000,840000
5688,T0000001504,S003,2,PC-C,120000,240000
5689,T0000005958,S003,4,PC-C,120000,480000
5690,T0000006539,S005,1,PC-E,210000,210000
5691,T0000001374,S002,3,PC-B,85000,255000
5692,T0000004511,S001,4,PC-A,50000,200000
5693,T0000001909,S003,4,PC-C,120000,480000
5694,T0000000915,S005,2,PC-E,210000,420000
5695,T0000003958,S005,4,PC-E,210000,840000
5696,T0000000080,S004,4,PC-D,180000,720000
5697,T0000002083,S005,4,PC-E,210000,840000
5698,T0000005186,S002,4,PC-B,85000,340000
5699,T0000002688,S003,3,PC-C,120000,360000
5700,T0000001690,S004,2,PC-D,180000,360000
5701,T0000000756,S003,3,PC-C,120000,360000
5702,T0000002670,S003,1,PC-C,120000,120000
5703,T0000003751,S002,4,PC-B,85000,340000
5704,T0000003552,S005,1,PC-E,210000,210000
5705,T0000000467,S002,3,PC-B,85000,255000
5706,T0000005261,S005,1,PC-E,210000,210000
5707,T0000006499,S004,4,PC-D,180000,720000
5708,T0000001494,S002,1,PC-B,85000,85000
5709,T0000005740,S002,3,PC-B,85000,255000
5710,T0000001019,S001,4,PC-A,50000,200000
5711,T0000005710,S002,2,PC-B,85000,170000
5712,T0000000901,S001,3,PC-A,50000,150000
5713,T0000000672,S005,4,PC-E,210000,840000
5714,T0000000438,S005,2,PC-E,210000,420000
5715,T0000006674,S005,1,PC-E,210000,210000
5716,T0000004222,S001,1,PC-A,50000,50000
5717,T0000006348,S005,1,PC-E,210000,210000
5718,T0000002076,S003,4,PC-C,120000,480000
5719,T0000000444,S002,1,PC-B,85000,85000
5720,T0000000965,S001,1,PC-A,50000,50000
5721,T0000003790,S005,2,PC-E,210000,420000
5722,T0000000463,S003,2,PC-C,120000,240000
5723,T0000002198,S002,2,PC-B,85000,170000
5724,T0000002287,S002,4,PC-B,85000,340000
5725,T0000006409,S005,3,PC-E,210000,630000
5726,T0000003765,S003,1,PC-C,120000,120000
5727,T0000003176,S001,1,PC-A,50000,50000
5728,T0000004008,S005,4,PC-E,210000,840000
5729,T0000003504,S002,1,PC-B,85000,85000
5730,T0000000912,S002,4,PC-B,85000,340000
5731,T0000000496,S002,4,PC-B,85000,340000
5732,T0000001463,S005,4,PC-E,210000,840000
5733,T0000005867,S004,3,PC-D,180000,540000
5734,T0000004253,S004,4,PC-D,180000,720000
5735,T0000004267,S004,3,PC-D,180000,540000
5736,T0000000493,S003,3,PC-C,120000,360000
5737,T0000005065,S005,1,PC-E,210000,210000
5738,T0000005430,S002,2,PC-B,85000,170000
5739,T0000001426,S003,3,PC-C,120000,360000
5740,T0000001692,S004,3,PC-D,180000,540000
5741,T0000001793,S001,2,PC-A,50000,100000
5742,T0000002723,S003,3,PC-C,120000,360000
5743,T0000000658,S003,2,PC-C,120000,240000
5744,T0000004761,S005,1,PC-E,210000,210000
5745,T0000004462,S003,4,PC-C,120000,480000
5746,T0000000549,S005,2,PC-E,210000,420000
5747,T0000000642,S001,4,PC-A,50000,200000
5748,T0000005989,S002,2,PC-B,85000,170000
5749,T0000004350,S002,4,PC-B,85000,340000
5750,T0000000207,S004,1,PC-D,180000,180000
5751,T0000002497,S004,3,PC-D,180000,540000
5752,T0000004190,S001,1,PC-A,50000,50000
5753,T0000001883,S002,3,PC-B,85000,255000
5754,T0000002886,S004,4,PC-D,180000,720000
5755,T0000000477,S003,4,PC-C,120000,480000
5756,T0000000761,S005,3,PC-E,210000,630000
5757,T0000000189,S004,2,PC-D,180000,360000
5758,T0000005603,S001,1,PC-A,50000,50000
5759,T0000005852,S002,2,PC-B,85000,170000
5760,T0000005655,S001,4,PC-A,50000,200000
5761,T0000000755,S005,1,PC-E,210000,210000
5762,T0000001446,S005,1,PC-E,210000,210000
5763,T0000004931,S001,2,PC-A,50000,100000
5764,T0000001663,S004,3,PC-D,180000,540000
5765,T0000005724,S004,3,PC-D,180000,540000
5766,T0000001835,S002,1,PC-B,85000,85000
5767,T0000004228,S002,3,PC-B,85000,255000
5768,T0000004150,S003,4,PC-C,120000,480000
5769,T0000004060,S003,2,PC-C,120000,240000
5770,T0000004605,S002,2,PC-B,85000,170000
5771,T0000004765,S003,2,PC-C,120000,240000
5772,T0000003612,S001,1,PC-A,50000,50000
5773,T0000006553,S004,1,PC-D,180000,180000
5774,T0000001689,S003,3,PC-C,120000,360000
5775,T0000001316,S003,2,PC-C,120000,240000
5776,T0000004829,S001,4,PC-A,50000,200000
5777,T0000003186,S005,4,PC-E,210000,840000
5778,T0000004020,S002,2,PC-B,85000,170000
5779,T0000005789,S001,1,PC-A,50000,50000
5780,T0000004354,S005,1,PC-E,210000,210000
5781,T0000001145,S001,1,PC-A,50000,50000
5782,T0000004394,S004,4,PC-D,180000,720000
5783,T0000000560,S001,2,PC-A,50000,100000
5784,T0000001912,S001,4,PC-A,50000,200000
5785,T0000001864,S004,2,PC-D,180000,360000
5786,T0000000296,S002,4,PC-B,85000,340000
5787,T0000002409,S005,4,PC-E,210000,840000
5788,T0000002636,S003,3,PC-C,120000,360000
5789,T0000001461,S002,4,PC-B,85000,340000
5790,T0000006270,S001,2,PC-A,50000,100000
5791,T0000004292,S003,4,PC-C,120000,480000
5792,T0000002268,S004,3,PC-D,180000,540000
5793,T0000000994,S002,3,PC-B,85000,255000
5794,T0000006234,S005,2,PC-E,210000,420000
5795,T0000006554,S002,3,PC-B,85000,255000
5796,T0000000007,S002,3,PC-B,85000,255000
5797,T0000002591,S003,1,PC-C,120000,120000
5798,T0000002515,S004,2,PC-D,180000,360000
5799,T0000004415,S004,3,PC-D,180000,540000
5800,T0000001417,S002,3,PC-B,85000,255000
5801,T0000002316,S004,3,PC-D,180000,540000
5802,T0000003932,S003,2,PC-C,120000,240000
5803,T0000005794,S003,1,PC-C,120000,120000
5804,T0000006204,S005,4,PC-E,210000,840000
5805,T0000005557,S004,1,PC-D,180000,180000
5806,T0000001287,S005,2,PC-E,210000,420000
5807,T0000002844,S001,2,PC-A,50000,100000
5808,T0000001118,S003,2,PC-C,120000,240000
5809,T0000000552,S002,4,PC-B,85000,340000
5810,T0000000660,S003,2,PC-C,120000,240000
5811,T0000000715,S001,1,PC-A,50000,50000
5812,T0000003585,S002,3,PC-B,85000,255000
5813,T0000003761,S004,3,PC-D,180000,540000
5814,T0000006337,S004,2,PC-D,180000,360000
5815,T0000002529,S003,2,PC-C,120000,240000
5816,T0000003970,S002,4,PC-B,85000,340000
5817,T0000003407,S002,3,PC-B,85000,255000
5818,T0000001458,S005,4,PC-E,210000,840000
5819,T0000003267,S001,4,PC-A,50000,200000
5820,T0000000854,S004,4,PC-D,180000,720000
5821,T0000006641,S003,4,PC-C,120000,480000
5822,T0000006355,S002,1,PC-B,85000,85000
5823,T0000004760,S004,2,PC-D,180000,360000
5824,T0000003537,S003,2,PC-C,120000,240000
5825,T0000001897,S004,4,PC-D,180000,720000
5826,T0000005770,S003,4,PC-C,120000,480000
5827,T0000006364,S004,1,PC-D,180000,180000
5828,T0000000272,S005,4,PC-E,210000,840000
5829,T0000005273,S001,1,PC-A,50000,50000
5830,T0000004087,S004,1,PC-D,180000,180000
5831,T0000001272,S001,4,PC-A,50000,200000
5832,T0000004374,S004,2,PC-D,180000,360000
5833,T0000004019,S002,1,PC-B,85000,85000
5834,T0000000815,S005,2,PC-E,210000,420000
5835,T0000004371,S005,2,PC-E,210000,420000
5836,T0000005100,S001,1,PC-A,50000,50000
5837,T0000006657,S002,3,PC-B,85000,255000
5838,T0000000922,S003,1,PC-C,120000,120000
5839,T0000004737,S005,3,PC-E,210000,630000
5840,T0000004600,S002,1,PC-B,85000,85000
5841,T0000006733,S002,1,PC-B,85000,85000
5842,T0000004867,S001,2,PC-A,50000,100000
5843,T0000001264,S002,2,PC-B,85000,170000
5844,T0000003724,S002,4,PC-B,85000,340000
5845,T0000002787,S003,2,PC-C,120000,240000
5846,T0000002722,S001,2,PC-A,50000,100000
5847,T0000005355,S001,2,PC-A,50000,100000
5848,T0000005109,S002,2,PC-B,85000,170000
5849,T0000004223,S003,4,PC-C,120000,480000
5850,T0000002550,S004,2,PC-D,180000,360000
5851,T0000005319,S005,3,PC-E,210000,630000
5852,T0000002949,S001,3,PC-A,50000,150000
5853,T0000006686,S003,4,PC-C,120000,480000
5854,T0000005621,S003,2,PC-C,120000,240000
5855,T0000001673,S002,3,PC-B,85000,255000
5856,T0000004587,S005,1,PC-E,210000,210000
5857,T0000003092,S001,3,PC-A,50000,150000
5858,T0000005353,S004,2,PC-D,180000,360000
5859,T0000002838,S002,3,PC-B,85000,255000
5860,T0000001666,S001,1,PC-A,50000,50000
5861,T0000004511,S001,3,PC-A,50000,150000
5862,T0000002195,S003,2,PC-C,120000,240000
5863,T0000005065,S005,1,PC-E,210000,210000
5864,T0000006172,S004,4,PC-D,180000,720000
5865,T0000001384,S005,1,PC-E,210000,210000
5866,T0000004403,S003,3,PC-C,120000,360000
5867,T0000003954,S004,4,PC-D,180000,720000
5868,T0000006305,S004,1,PC-D,180000,180000
5869,T0000002899,S002,1,PC-B,85000,85000
5870,T0000000060,S004,1,PC-D,180000,180000
5871,T0000006268,S001,2,PC-A,50000,100000
5872,T0000005575,S005,4,PC-E,210000,840000
5873,T0000006026,S005,4,PC-E,210000,840000
5874,T0000003947,S002,1,PC-B,85000,85000
5875,T0000006609,S004,4,PC-D,180000,720000
5876,T0000002290,S003,3,PC-C,120000,360000
5877,T0000005609,S001,3,PC-A,50000,150000
5878,T0000000472,S002,1,PC-B,85000,85000
5879,T0000000958,S004,3,PC-D,180000,540000
5880,T0000000532,S003,1,PC-C,120000,120000
5881,T0000000493,S004,3,PC-D,180000,540000
5882,T0000000081,S002,1,PC-B,85000,85000
5883,T0000004974,S003,1,PC-C,120000,120000
5884,T0000005641,S003,4,PC-C,120000,480000
5885,T0000002970,S003,4,PC-C,120000,480000
5886,T0000000011,S003,1,PC-C,120000,120000
5887,T0000005382,S004,4,PC-D,180000,720000
5888,T0000004544,S003,4,PC-C,120000,480000
5889,T0000000761,S004,2,PC-D,180000,360000
5890,T0000003185,S003,3,PC-C,120000,360000
5891,T0000000025,S003,4,PC-C,120000,480000
5892,T0000001806,S002,1,PC-B,85000,85000
5893,T0000006651,S004,2,PC-D,180000,360000
5894,T0000005664,S004,2,PC-D,180000,360000
5895,T0000004157,S005,4,PC-E,210000,840000
5896,T0000004324,S002,1,PC-B,85000,85000
5897,T0000005934,S004,1,PC-D,180000,180000
5898,T0000004702,S002,1,PC-B,85000,85000
5899,T0000005154,S002,1,PC-B,85000,85000
5900,T0000005824,S002,1,PC-B,85000,85000
5901,T0000005575,S001,3,PC-A,50000,150000
5902,T0000003659,S004,1,PC-D,180000,180000
5903,T0000001525,S002,1,PC-B,85000,85000
5904,T0000000760,S001,3,PC-A,50000,150000
5905,T0000000594,S001,4,PC-A,50000,200000
5906,T0000005688,S003,2,PC-C,120000,240000
5907,T0000001055,S003,3,PC-C,120000,360000
5908,T0000001854,S004,2,PC-D,180000,360000
5909,T0000003083,S003,2,PC-C,120000,240000
5910,T0000003916,S004,3,PC-D,180000,540000
5911,T0000003675,S001,1,PC-A,50000,50000
5912,T0000002048,S001,2,PC-A,50000,100000
5913,T0000001458,S004,1,PC-D,180000,180000
5914,T0000005957,S003,4,PC-C,120000,480000
5915,T0000005255,S003,3,PC-C,120000,360000
5916,T0000001219,S004,2,PC-D,180000,360000
5917,T0000004228,S005,1,PC-E,210000,210000
5918,T0000004181,S003,2,PC-C,120000,240000
5919,T0000001499,S002,4,PC-B,85000,340000
5920,T0000001830,S003,4,PC-C,120000,480000
5921,T0000003395,S005,2,PC-E,210000,420000
5922,T0000001203,S001,3,PC-A,50000,150000
5923,T0000006659,S001,4,PC-A,50000,200000
5924,T0000004270,S001,1,PC-A,50000,50000
5925,T0000002810,S003,4,PC-C,120000,480000
5926,T0000003092,S001,1,PC-A,50000,50000
5927,T0000003044,S005,2,PC-E,210000,420000
5928,T0000006071,S005,1,PC-E,210000,210000
5929,T0000004673,S003,2,PC-C,120000,240000
5930,T0000003514,S002,4,PC-B,85000,340000
5931,T0000001798,S003,3,PC-C,120000,360000
5932,T0000006192,S001,4,PC-A,50000,200000
5933,T0000002575,S003,4,PC-C,120000,480000
5934,T0000000144,S005,4,PC-E,210000,840000
5935,T0000004857,S003,4,PC-C,120000,480000
5936,T0000003926,S003,3,PC-C,120000,360000
5937,T0000001377,S002,4,PC-B,85000,340000
5938,T0000003146,S005,1,PC-E,210000,210000
5939,T0000001825,S004,3,PC-D,180000,540000
5940,T0000005024,S004,3,PC-D,180000,540000
5941,T0000000793,S005,1,PC-E,210000,210000
5942,T0000001601,S004,2,PC-D,180000,360000
5943,T0000005756,S001,4,PC-A,50000,200000
5944,T0000004414,S004,3,PC-D,180000,540000
5945,T0000001110,S001,4,PC-A,50000,200000
5946,T0000005672,S005,4,PC-E,210000,840000
5947,T0000004053,S004,1,PC-D,180000,180000
5948,T0000004793,S004,1,PC-D,180000,180000
5949,T0000003937,S001,1,PC-A,50000,50000
5950,T0000003963,S001,4,PC-A,50000,200000
5951,T0000004942,S003,3,PC-C,120000,360000
5952,T0000005897,S002,3,PC-B,85000,255000
5953,T0000000782,S004,2,PC-D,180000,360000
5954,T0000006185,S002,4,PC-B,85000,340000
5955,T0000001116,S002,2,PC-B,85000,170000
5956,T0000001750,S004,2,PC-D,180000,360000
5957,T0000002576,S001,2,PC-A,50000,100000
5958,T0000004027,S003,2,PC-C,120000,240000
5959,T0000003336,S005,2,PC-E,210000,420000
5960,T0000005745,S004,4,PC-D,180000,720000
5961,T0000004387,S004,1,PC-D,180000,180000
5962,T0000005064,S005,2,PC-E,210000,420000
5963,T0000001487,S002,3,PC-B,85000,255000
5964,T0000003875,S003,4,PC-C,120000,480000
5965,T0000003631,S002,2,PC-B,85000,170000
5966,T0000005938,S005,3,PC-E,210000,630000
5967,T0000004192,S005,2,PC-E,210000,420000
5968,T0000003958,S003,1,PC-C,120000,120000
5969,T0000005214,S005,4,PC-E,210000,840000
5970,T0000003397,S005,1,PC-E,210000,210000
5971,T0000000073,S003,3,PC-C,120000,360000
5972,T0000001359,S004,2,PC-D,180000,360000
5973,T0000001091,S002,1,PC-B,85000,85000
5974,T0000004853,S004,1,PC-D,180000,180000
5975,T0000001941,S004,2,PC-D,180000,360000
5976,T0000003148,S002,4,PC-B,85000,340000
5977,T0000004303,S004,3,PC-D,180000,540000
5978,T0000001244,S003,4,PC-C,120000,480000
5979,T0000001285,S002,3,PC-B,85000,255000
5980,T0000004505,S001,3,PC-A,50000,150000
5981,T0000006474,S004,1,PC-D,180000,180000
5982,T0000006487,S005,2,PC-E,210000,420000
5983,T0000003036,S002,4,PC-B,85000,340000
5984,T0000000770,S001,1,PC-A,50000,50000
5985,T0000001843,S005,1,PC-E,210000,210000
5986,T0000000073,S001,1,PC-A,50000,50000
5987,T0000001660,S004,4,PC-D,180000,720000
5988,T0000004349,S005,1,PC-E,210000,210000
5989,T0000000819,S004,2,PC-D,180000,360000
5990,T0000003818,S005,1,PC-E,210000,210000
5991,T0000005081,S002,1,PC-B,85000,85000
5992,T0000000331,S003,3,PC-C,120000,360000
5993,T0000001421,S003,1,PC-C,120000,120000
5994,T0000003655,S001,4,PC-A,50000,200000
5995,T0000004931,S005,4,PC-E,210000,840000
5996,T0000001691,S004,2,PC-D,180000,360000
5997,T0000004550,S002,4,PC-B,85000,340000
5998,T0000006025,S002,4,PC-B,85000,340000
5999,T0000005234,S002,1,PC-B,85000,85000
6000,T0000004408,S003,2,PC-C,120000,240000
6001,T0000005113,S004,4,PC-D,180000,720000
6002,T0000000227,S002,2,PC-B,85000,170000
6003,T0000002881,S002,2,PC-B,85000,170000
6004,T0000004953,S001,3,PC-A,50000,150000
6005,T0000005364,S005,3,PC-E,210000,630000
6006,T0000002865,S005,1,PC-E,210000,210000
6007,T0000005113,S005,4,PC-E,210000,840000
6008,T0000002575,S001,1,PC-A,50000,50000
6009,T0000005045,S003,1,PC-C,120000,120000
6010,T0000004522,S001,2,PC-A,50000,100000
6011,T0000006185,S002,2,PC-B,85000,170000
6012,T0000000464,S004,2,PC-D,180000,360000
6013,T0000005741,S002,1,PC-B,85000,85000
6014,T0000000277,S002,4,PC-B,85000,340000
6015,T0000004114,S004,1,PC-D,180000,180000
6016,T0000000065,S005,1,PC-E,210000,210000
6017,T0000004262,S001,1,PC-A,50000,50000
6018,T0000005704,S003,3,PC-C,120000,360000
6019,T0000000402,S002,3,PC-B,85000,255000
6020,T0000003983,S002,4,PC-B,85000,340000
6021,T0000004504,S003,3,PC-C,120000,360000
6022,T0000006255,S001,1,PC-A,50000,50000
6023,T0000003478,S002,3,PC-B,85000,255000
6024,T0000003444,S003,3,PC-C,120000,360000
6025,T0000004692,S002,1,PC-B,85000,85000
6026,T0000005158,S005,4,PC-E,210000,840000
6027,T0000006248,S005,3,PC-E,210000,630000
6028,T0000004419,S002,1,PC-B,85000,85000
6029,T0000006078,S002,1,PC-B,85000,85000
6030,T0000003039,S005,1,PC-E,210000,210000
6031,T0000001437,S002,2,PC-B,85000,170000
6032,T0000000428,S001,1,PC-A,50000,50000
6033,T0000002682,S001,3,PC-A,50000,150000
6034,T0000002777,S004,3,PC-D,180000,540000
6035,T0000005180,S001,1,PC-A,50000,50000
6036,T0000005731,S002,2,PC-B,85000,170000
6037,T0000003378,S002,2,PC-B,85000,170000
6038,T0000005473,S003,2,PC-C,120000,240000
6039,T0000000392,S001,3,PC-A,50000,150000
6040,T0000006347,S005,2,PC-E,210000,420000
6041,T0000006401,S005,4,PC-E,210000,840000
6042,T0000006629,S004,4,PC-D,180000,720000
6043,T0000005636,S003,2,PC-C,120000,240000
6044,T0000004541,S005,4,PC-E,210000,840000
6045,T0000005299,S004,1,PC-D,180000,180000
6046,T0000005119,S001,2,PC-A,50000,100000
6047,T0000000341,S003,2,PC-C,120000,240000
6048,T0000000132,S003,2,PC-C,120000,240000
6049,T0000006586,S002,1,PC-B,85000,85000
6050,T0000005955,S001,1,PC-A,50000,50000
6051,T0000006396,S003,2,PC-C,120000,240000
6052,T0000000264,S004,3,PC-D,180000,540000
6053,T0000004188,S005,3,PC-E,210000,630000
6054,T0000001685,S001,4,PC-A,50000,200000
6055,T0000001434,S001,1,PC-A,50000,50000
6056,T0000006281,S003,4,PC-C,120000,480000
6057,T0000005327,S003,4,PC-C,120000,480000
6058,T0000005097,S003,2,PC-C,120000,240000
6059,T0000001660,S004,3,PC-D,180000,540000
6060,T0000003817,S002,4,PC-B,85000,340000
6061,T0000005692,S003,2,PC-C,120000,240000
6062,T0000002354,S002,1,PC-B,85000,85000
6063,T0000000265,S002,4,PC-B,85000,340000
6064,T0000004741,S001,3,PC-A,50000,150000
6065,T0000006461,S005,1,PC-E,210000,210000
6066,T0000001136,S005,2,PC-E,210000,420000
6067,T0000005497,S004,1,PC-D,180000,180000
6068,T0000004549,S004,4,PC-D,180000,720000
6069,T0000006334,S005,1,PC-E,210000,210000
6070,T0000006010,S005,1,PC-E,210000,210000
6071,T0000005559,S001,1,PC-A,50000,50000
6072,T0000005306,S001,3,PC-A,50000,150000
6073,T0000004926,S005,4,PC-E,210000,840000
6074,T0000001390,S003,2,PC-C,120000,240000
6075,T0000001112,S003,3,PC-C,120000,360000
6076,T0000002234,S001,4,PC-A,50000,200000
6077,T0000002866,S002,2,PC-B,85000,170000
6078,T0000006065,S005,2,PC-E,210000,420000
6079,T0000003068,S004,2,PC-D,180000,360000
6080,T0000002179,S003,4,PC-C,120000,480000
6081,T0000004967,S002,2,PC-B,85000,170000
6082,T0000000634,S003,2,PC-C,120000,240000
6083,T0000003631,S002,3,PC-B,85000,255000
6084,T0000001399,S005,2,PC-E,210000,420000
6085,T0000004786,S005,1,PC-E,210000,210000
6086,T0000002739,S005,3,PC-E,210000,630000
6087,T0000003170,S001,3,PC-A,50000,150000
6088,T0000001865,S002,4,PC-B,85000,340000
6089,T0000005153,S004,2,PC-D,180000,360000
6090,T0000001955,S004,1,PC-D,180000,180000
6091,T0000004677,S005,1,PC-E,210000,210000
6092,T0000002218,S004,2,PC-D,180000,360000
6093,T0000001389,S003,2,PC-C,120000,240000
6094,T0000004879,S002,4,PC-B,85000,340000
6095,T0000003130,S002,1,PC-B,85000,85000
6096,T0000004276,S002,3,PC-B,85000,255000
6097,T0000004114,S003,4,PC-C,120000,480000
6098,T0000001249,S001,4,PC-A,50000,200000
6099,T0000003166,S003,3,PC-C,120000,360000
6100,T0000005712,S002,4,PC-B,85000,340000
6101,T0000006318,S002,2,PC-B,85000,170000
6102,T0000001245,S002,3,PC-B,85000,255000
6103,T0000005734,S004,3,PC-D,180000,540000
6104,T0000000053,S001,1,PC-A,50000,50000
6105,T0000002910,S003,3,PC-C,120000,360000
6106,T0000005522,S002,4,PC-B,85000,340000
6107,T0000002396,S005,1,PC-E,210000,210000
6108,T0000000442,S001,4,PC-A,50000,200000
6109,T0000004675,S005,2,PC-E,210000,420000
6110,T0000003611,S001,2,PC-A,50000,100000
6111,T0000004377,S002,1,PC-B,85000,85000
6112,T0000002407,S001,1,PC-A,50000,50000
6113,T0000000822,S001,4,PC-A,50000,200000
6114,T0000003702,S002,2,PC-B,85000,170000
6115,T0000002939,S005,1,PC-E,210000,210000
6116,T0000005765,S005,2,PC-E,210000,420000
6117,T0000004736,S004,2,PC-D,180000,360000
6118,T0000001031,S005,2,PC-E,210000,420000
6119,T0000002016,S005,4,PC-E,210000,840000
6120,T0000000562,S001,4,PC-A,50000,200000
6121,T0000002538,S004,2,PC-D,180000,360000
6122,T0000000340,S002,2,PC-B,85000,170000
6123,T0000004567,S002,2,PC-B,85000,170000
6124,T0000005806,S003,3,PC-C,120000,360000
6125,T0000003775,S004,3,PC-D,180000,540000
6126,T0000002296,S001,4,PC-A,50000,200000
6127,T0000000234,S003,2,PC-C,120000,240000
6128,T0000005202,S003,3,PC-C,120000,360000
6129,T0000001116,S002,1,PC-B,85000,85000
6130,T0000001908,S005,1,PC-E,210000,210000
6131,T0000001417,S001,2,PC-A,50000,100000
6132,T0000004919,S004,3,PC-D,180000,540000
6133,T0000001291,S003,1,PC-C,120000,120000
6134,T0000003488,S001,4,PC-A,50000,200000
6135,T0000004727,S002,1,PC-B,85000,85000
6136,T0000003654,S003,4,PC-C,120000,480000
6137,T0000000528,S003,1,PC-C,120000,120000
6138,T0000003324,S002,1,PC-B,85000,85000
6139,T0000001980,S002,3,PC-B,85000,255000
6140,T0000006265,S002,1,PC-B,85000,85000
6141,T0000002939,S001,1,PC-A,50000,50000
6142,T0000006153,S001,4,PC-A,50000,200000
6143,T0000005435,S001,4,PC-A,50000,200000
6144,T0000005392,S005,1,PC-E,210000,210000
6145,T0000001329,S003,2,PC-C,120000,240000
6146,T0000001233,S001,1,PC-A,50000,50000
6147,T0000006077,S005,1,PC-E,210000,210000
6148,T0000001753,S003,3,PC-C,120000,360000
6149,T0000002800,S001,1,PC-A,50000,50000
6150,T0000002933,S002,1,PC-B,85000,85000
6151,T0000006607,S004,4,PC-D,180000,720000
6152,T0000002759,S001,4,PC-A,50000,200000
6153,T0000002775,S004,4,PC-D,180000,720000
6154,T0000006044,S001,4,PC-A,50000,200000
6155,T0000003487,S002,1,PC-B,85000,85000
6156,T0000006223,S004,2,PC-D,180000,360000
6157,T0000003850,S005,3,PC-E,210000,630000
6158,T0000002527,S002,3,PC-B,85000,255000
6159,T0000004997,S004,2,PC-D,180000,360000
6160,T0000000890,S004,2,PC-D,180000,360000
6161,T0000005666,S002,3,PC-B,85000,255000
6162,T0000005920,S002,1,PC-B,85000,85000
6163,T0000002065,S002,3,PC-B,85000,255000
6164,T0000001188,S003,2,PC-C,120000,240000
6165,T0000005644,S005,1,PC-E,210000,210000
6166,T0000004297,S001,3,PC-A,50000,150000
6167,T0000000740,S004,1,PC-D,180000,180000
6168,T0000001369,S001,1,PC-A,50000,50000
6169,T0000001389,S002,2,PC-B,85000,170000
6170,T0000002000,S005,4,PC-E,210000,840000
6171,T0000001471,S005,3,PC-E,210000,630000
6172,T0000001536,S003,2,PC-C,120000,240000
6173,T0000000318,S002,3,PC-B,85000,255000
6174,T0000002264,S004,4,PC-D,180000,720000
6175,T0000005153,S003,4,PC-C,120000,480000
6176,T0000001894,S002,4,PC-B,85000,340000
6177,T0000006409,S003,4,PC-C,120000,480000
6178,T0000003711,S001,3,PC-A,50000,150000
6179,T0000004819,S002,1,PC-B,85000,85000
6180,T0000002822,S004,1,PC-D,180000,180000
6181,T0000005796,S004,4,PC-D,180000,720000
6182,T0000004508,S002,4,PC-B,85000,340000
6183,T0000001275,S003,1,PC-C,120000,120000
6184,T0000003083,S005,2,PC-E,210000,420000
6185,T0000000400,S002,4,PC-B,85000,340000
6186,T0000005935,S004,1,PC-D,180000,180000
6187,T0000000723,S001,2,PC-A,50000,100000
6188,T0000002329,S004,1,PC-D,180000,180000
6189,T0000001135,S005,2,PC-E,210000,420000
6190,T0000002770,S004,3,PC-D,180000,540000
6191,T0000004846,S005,2,PC-E,210000,420000
6192,T0000000267,S002,4,PC-B,85000,340000
6193,T0000006441,S004,2,PC-D,180000,360000
6194,T0000005436,S003,2,PC-C,120000,240000
6195,T0000000569,S003,4,PC-C,120000,480000
6196,T0000002556,S004,3,PC-D,180000,540000
6197,T0000001973,S004,2,PC-D,180000,360000
6198,T0000000545,S001,3,PC-A,50000,150000
6199,T0000002822,S004,1,PC-D,180000,180000
6200,T0000004460,S001,1,PC-A,50000,50000
6201,T0000004642,S001,4,PC-A,50000,200000
6202,T0000000270,S001,3,PC-A,50000,150000
6203,T0000000738,S001,4,PC-A,50000,200000
6204,T0000006680,S002,4,PC-B,85000,340000
6205,T0000001257,S003,2,PC-C,120000,240000
6206,T0000000058,S001,1,PC-A,50000,50000
6207,T0000005370,S003,4,PC-C,120000,480000
6208,T0000005966,S001,2,PC-A,50000,100000
6209,T0000004181,S003,2,PC-C,120000,240000
6210,T0000004858,S004,3,PC-D,180000,540000
6211,T0000000389,S004,1,PC-D,180000,180000
6212,T0000005299,S003,3,PC-C,120000,360000
6213,T0000000718,S001,3,PC-A,50000,150000
6214,T0000004244,S002,4,PC-B,85000,340000
6215,T0000004678,S003,3,PC-C,120000,360000
6216,T0000000120,S005,4,PC-E,210000,840000
6217,T0000002652,S002,3,PC-B,85000,255000
6218,T0000002303,S005,2,PC-E,210000,420000
6219,T0000004861,S003,1,PC-C,120000,120000
6220,T0000002911,S001,1,PC-A,50000,50000
6221,T0000000799,S005,1,PC-E,210000,210000
6222,T0000003380,S003,2,PC-C,120000,240000
6223,T0000002106,S002,2,PC-B,85000,170000
6224,T0000005117,S001,3,PC-A,50000,150000
6225,T0000005565,S005,3,PC-E,210000,630000
6226,T0000006531,S003,3,PC-C,120000,360000
6227,T0000001109,S001,3,PC-A,50000,150000
6228,T0000001250,S001,1,PC-A,50000,50000
6229,T0000002640,S004,3,PC-D,180000,540000
6230,T0000001649,S001,2,PC-A,50000,100000
6231,T0000005911,S003,2,PC-C,120000,240000
6232,T0000001345,S002,2,PC-B,85000,170000
6233,T0000002956,S004,4,PC-D,180000,720000
6234,T0000005437,S003,4,PC-C,120000,480000
6235,T0000006709,S003,4,PC-C,120000,480000
6236,T0000002446,S003,3,PC-C,120000,360000
6237,T0000005828,S005,1,PC-E,210000,210000
6238,T0000004994,S005,1,PC-E,210000,210000
6239,T0000003364,S002,3,PC-B,85000,255000
6240,T0000006436,S003,3,PC-C,120000,360000
6241,T0000000484,S005,4,PC-E,210000,840000
6242,T0000000802,S005,2,PC-E,210000,420000
6243,T0000001715,S005,2,PC-E,210000,420000
6244,T0000001915,S002,4,PC-B,85000,340000
6245,T0000003483,S002,4,PC-B,85000,340000
6246,T0000001757,S003,1,PC-C,120000,120000
6247,T0000001809,S004,4,PC-D,180000,720000
6248,T0000006387,S003,2,PC-C,120000,240000
6249,T0000005539,S005,2,PC-E,210000,420000
6250,T0000006048,S005,3,PC-E,210000,630000
6251,T0000003007,S001,1,PC-A,50000,50000
6252,T0000003225,S003,3,PC-C,120000,360000
6253,T0000003495,S005,1,PC-E,210000,210000
6254,T0000002320,S005,3,PC-E,210000,630000
6255,T0000001670,S004,1,PC-D,180000,180000
6256,T0000005944,S001,4,PC-A,50000,200000
6257,T0000004615,S003,2,PC-C,120000,240000
6258,T0000001151,S002,4,PC-B,85000,340000
6259,T0000005492,S003,1,PC-C,120000,120000
6260,T0000006711,S003,1,PC-C,120000,120000
6261,T0000006781,S004,3,PC-D,180000,540000
6262,T0000006302,S003,1,PC-C,120000,120000
6263,T0000004747,S004,4,PC-D,180000,720000
6264,T0000002223,S004,1,PC-D,180000,180000
6265,T0000006046,S005,1,PC-E,210000,210000
6266,T0000002667,S002,3,PC-B,85000,255000
6267,T0000000210,S004,1,PC-D,180000,180000
6268,T0000002494,S001,3,PC-A,50000,150000
6269,T0000004681,S001,2,PC-A,50000,100000
6270,T0000004262,S002,3,PC-B,85000,255000
6271,T0000002507,S004,1,PC-D,180000,180000
6272,T0000002963,S002,2,PC-B,85000,170000
6273,T0000003428,S005,1,PC-E,210000,210000
6274,T0000003375,S001,3,PC-A,50000,150000
6275,T0000005352,S003,4,PC-C,120000,480000
6276,T0000003955,S001,2,PC-A,50000,100000
6277,T0000005301,S004,4,PC-D,180000,720000
6278,T0000003705,S002,4,PC-B,85000,340000
6279,T0000003405,S001,2,PC-A,50000,100000
6280,T0000005834,S003,4,PC-C,120000,480000
6281,T0000004038,S003,4,PC-C,120000,480000
6282,T0000001052,S002,4,PC-B,85000,340000
6283,T0000000713,S002,4,PC-B,85000,340000
6284,T0000002888,S001,2,PC-A,50000,100000
6285,T0000000687,S004,1,PC-D,180000,180000
6286,T0000000329,S005,4,PC-E,210000,840000
6287,T0000001746,S003,2,PC-C,120000,240000
6288,T0000001207,S002,2,PC-B,85000,170000
6289,T0000002142,S005,2,PC-E,210000,420000
6290,T0000000784,S005,2,PC-E,210000,420000
6291,T0000002696,S005,3,PC-E,210000,630000
6292,T0000003820,S004,1,PC-D,180000,180000
6293,T0000006496,S002,1,PC-B,85000,85000
6294,T0000005036,S003,4,PC-C,120000,480000
6295,T0000005384,S002,2,PC-B,85000,170000
6296,T0000003718,S001,3,PC-A,50000,150000
6297,T0000005775,S003,2,PC-C,120000,240000
6298,T0000002693,S002,4,PC-B,85000,340000
6299,T0000000625,S003,1,PC-C,120000,120000
6300,T0000004234,S001,4,PC-A,50000,200000
6301,T0000003708,S003,4,PC-C,120000,480000
6302,T0000000761,S005,4,PC-E,210000,840000
6303,T0000005929,S004,4,PC-D,180000,720000
6304,T0000003979,S001,4,PC-A,50000,200000
6305,T0000006398,S003,4,PC-C,120000,480000
6306,T0000003529,S001,4,PC-A,50000,200000
6307,T0000001555,S005,1,PC-E,210000,210000
6308,T0000003633,S004,1,PC-D,180000,180000
6309,T0000000675,S001,2,PC-A,50000,100000
6310,T0000004187,S005,2,PC-E,210000,420000
6311,T0000005188,S005,3,PC-E,210000,630000
6312,T0000000036,S005,3,PC-E,210000,630000
6313,T0000003836,S003,1,PC-C,120000,120000
6314,T0000001787,S002,1,PC-B,85000,85000
6315,T0000006283,S001,3,PC-A,50000,150000
6316,T0000002727,S002,1,PC-B,85000,85000
6317,T0000005297,S005,3,PC-E,210000,630000
6318,T0000003880,S002,2,PC-B,85000,170000
6319,T0000005932,S005,1,PC-E,210000,210000
6320,T0000001894,S005,1,PC-E,210000,210000
6321,T0000000136,S004,3,PC-D,180000,540000
6322,T0000006333,S004,4,PC-D,180000,720000
6323,T0000005759,S002,4,PC-B,85000,340000
6324,T0000006485,S001,2,PC-A,50000,100000
6325,T0000005678,S002,1,PC-B,85000,85000
6326,T0000003076,S001,1,PC-A,50000,50000
6327,T0000005067,S002,3,PC-B,85000,255000
6328,T0000003883,S003,4,PC-C,120000,480000
6329,T0000000661,S003,4,PC-C,120000,480000
6330,T0000006386,S001,2,PC-A,50000,100000
6331,T0000001810,S004,4,PC-D,180000,720000
6332,T0000000414,S001,4,PC-A,50000,200000
6333,T0000000342,S002,4,PC-B,85000,340000
6334,T0000002729,S005,3,PC-E,210000,630000
6335,T0000003450,S003,4,PC-C,120000,480000
6336,T0000003665,S005,2,PC-E,210000,420000
6337,T0000003737,S003,4,PC-C,120000,480000
6338,T0000003897,S002,2,PC-B,85000,170000
6339,T0000004241,S003,3,PC-C,120000,360000
6340,T0000004418,S001,3,PC-A,50000,150000
6341,T0000002169,S005,2,PC-E,210000,420000
6342,T0000005371,S005,3,PC-E,210000,630000
6343,T0000001878,S002,1,PC-B,85000,85000
6344,T0000003970,S005,1,PC-E,210000,210000
6345,T0000006454,S002,1,PC-B,85000,85000
6346,T0000004696,S004,1,PC-D,180000,180000
6347,T0000004570,S001,1,PC-A,50000,50000
6348,T0000002617,S003,3,PC-C,120000,360000
6349,T0000001515,S003,2,PC-C,120000,240000
6350,T0000000574,S003,3,PC-C,120000,360000
6351,T0000004442,S004,4,PC-D,180000,720000
6352,T0000002867,S001,1,PC-A,50000,50000
6353,T0000005606,S005,1,PC-E,210000,210000
6354,T0000003544,S005,3,PC-E,210000,630000
6355,T0000004477,S001,4,PC-A,50000,200000
6356,T0000005399,S001,3,PC-A,50000,150000
6357,T0000000071,S003,2,PC-C,120000,240000
6358,T0000002568,S005,1,PC-E,210000,210000
6359,T0000003437,S001,3,PC-A,50000,150000
6360,T0000002980,S005,2,PC-E,210000,420000
6361,T0000001117,S001,1,PC-A,50000,50000
6362,T0000005492,S002,1,PC-B,85000,85000
6363,T0000002386,S003,1,PC-C,120000,120000
6364,T0000003508,S001,4,PC-A,50000,200000
6365,T0000001359,S004,3,PC-D,180000,540000
6366,T0000004759,S001,1,PC-A,50000,50000
6367,T0000001515,S002,1,PC-B,85000,85000
6368,T0000005987,S004,2,PC-D,180000,360000
6369,T0000000039,S004,3,PC-D,180000,540000
6370,T0000001382,S001,2,PC-A,50000,100000
6371,T0000002030,S002,3,PC-B,85000,255000
6372,T0000002621,S004,1,PC-D,180000,180000
6373,T0000005373,S003,4,PC-C,120000,480000
6374,T0000005061,S003,2,PC-C,120000,240000
6375,T0000006724,S005,4,PC-E,210000,840000
6376,T0000001900,S005,4,PC-E,210000,840000
6377,T0000002217,S002,4,PC-B,85000,340000
6378,T0000004796,S004,3,PC-D,180000,540000
6379,T0000004606,S003,3,PC-C,120000,360000
6380,T0000001283,S003,4,PC-C,120000,480000
6381,T0000000583,S002,1,PC-B,85000,85000
6382,T0000005079,S004,1,PC-D,180000,180000
6383,T0000000458,S002,4,PC-B,85000,340000
6384,T0000006672,S001,2,PC-A,50000,100000
6385,T0000006001,S003,2,PC-C,120000,240000
6386,T0000006484,S002,3,PC-B,85000,255000
6387,T0000006200,S002,2,PC-B,85000,170000
6388,T0000002265,S001,1,PC-A,50000,50000
6389,T0000002666,S005,4,PC-E,210000,840000
6390,T0000000815,S003,2,PC-C,120000,240000
6391,T0000002511,S002,4,PC-B,85000,340000
6392,T0000000246,S003,2,PC-C,120000,240000
6393,T0000004825,S005,3,PC-E,210000,630000
6394,T0000006516,S002,1,PC-B,85000,85000
6395,T0000000416,S001,3,PC-A,50000,150000
6396,T0000005150,S003,4,PC-C,120000,480000
6397,T0000004463,S001,1,PC-A,50000,50000
6398,T0000006702,S005,1,PC-E,210000,210000
6399,T0000003717,S005,3,PC-E,210000,630000
6400,T0000000107,S003,2,PC-C,120000,240000
6401,T0000002631,S005,3,PC-E,210000,630000
6402,T0000000838,S004,4,PC-D,180000,720000
6403,T0000004513,S003,2,PC-C,120000,240000
6404,T0000005739,S004,3,PC-D,180000,540000
6405,T0000004916,S005,3,PC-E,210000,630000
6406,T0000001421,S003,2,PC-C,120000,240000
6407,T0000004778,S004,2,PC-D,180000,360000
6408,T0000003912,S005,2,PC-E,210000,420000
6409,T0000000255,S002,3,PC-B,85000,255000
6410,T0000002827,S002,2,PC-B,85000,170000
6411,T0000000837,S001,2,PC-A,50000,100000
6412,T0000002962,S002,2,PC-B,85000,170000
6413,T0000002282,S004,1,PC-D,180000,180000
6414,T0000000552,S002,4,PC-B,85000,340000
6415,T0000000180,S003,2,PC-C,120000,240000
6416,T0000004252,S003,4,PC-C,120000,480000
6417,T0000001477,S003,2,PC-C,120000,240000
6418,T0000000570,S002,2,PC-B,85000,170000
6419,T0000004952,S002,1,PC-B,85000,85000
6420,T0000005880,S001,1,PC-A,50000,50000
6421,T0000001727,S005,2,PC-E,210000,420000
6422,T0000005143,S001,2,PC-A,50000,100000
6423,T0000005592,S004,2,PC-D,180000,360000
6424,T0000005519,S003,4,PC-C,120000,480000
6425,T0000000591,S002,2,PC-B,85000,170000
6426,T0000006277,S005,4,PC-E,210000,840000
6427,T0000004516,S005,1,PC-E,210000,210000
6428,T0000002260,S002,4,PC-B,85000,340000
6429,T0000002947,S001,2,PC-A,50000,100000
6430,T0000006625,S005,1,PC-E,210000,210000
6431,T0000000347,S001,3,PC-A,50000,150000
6432,T0000000165,S002,1,PC-B,85000,85000
6433,T0000005032,S001,3,PC-A,50000,150000
6434,T0000004443,S003,4,PC-C,120000,480000
6435,T0000002896,S002,1,PC-B,85000,85000
6436,T0000004493,S002,1,PC-B,85000,85000
6437,T0000000582,S005,1,PC-E,210000,210000
6438,T0000003506,S005,4,PC-E,210000,840000
6439,T0000005696,S005,2,PC-E,210000,420000
6440,T0000004403,S003,4,PC-C,120000,480000
6441,T0000003038,S003,1,PC-C,120000,120000
6442,T0000002845,S004,2,PC-D,180000,360000
6443,T0000002766,S002,1,PC-B,85000,85000
6444,T0000006609,S005,1,PC-E,210000,210000
6445,T0000004194,S002,3,PC-B,85000,255000
6446,T0000001265,S001,1,PC-A,50000,50000
6447,T0000004253,S003,4,PC-C,120000,480000
6448,T0000006753,S004,4,PC-D,180000,720000
6449,T0000004649,S001,4,PC-A,50000,200000
6450,T0000004746,S002,2,PC-B,85000,170000
6451,T0000002967,S003,3,PC-C,120000,360000
6452,T0000002274,S005,3,PC-E,210000,630000
6453,T0000002470,S001,1,PC-A,50000,50000
6454,T0000002290,S003,1,PC-C,120000,120000
6455,T0000002577,S002,3,PC-B,85000,255000
6456,T0000003660,S002,2,PC-B,85000,170000
6457,T0000001068,S001,4,PC-A,50000,200000
6458,T0000005591,S001,1,PC-A,50000,50000
6459,T0000006514,S001,3,PC-A,50000,150000
6460,T0000005974,S004,2,PC-D,180000,360000
6461,T0000002736,S005,4,PC-E,210000,840000
6462,T0000004829,S003,1,PC-C,120000,120000
6463,T0000001950,S002,4,PC-B,85000,340000
6464,T0000000091,S002,4,PC-B,85000,340000
6465,T0000003093,S005,3,PC-E,210000,630000
6466,T0000002219,S001,3,PC-A,50000,150000
6467,T0000005723,S001,4,PC-A,50000,200000
6468,T0000005311,S002,4,PC-B,85000,340000
6469,T0000005196,S005,1,PC-E,210000,210000
6470,T0000005400,S002,2,PC-B,85000,170000
6471,T0000001387,S001,2,PC-A,50000,100000
6472,T0000004274,S003,4,PC-C,120000,480000
6473,T0000002285,S001,3,PC-A,50000,150000
6474,T0000003206,S003,2,PC-C,120000,240000
6475,T0000002924,S004,4,PC-D,180000,720000
6476,T0000000279,S005,3,PC-E,210000,630000
6477,T0000005138,S004,1,PC-D,180000,180000
6478,T0000001618,S001,2,PC-A,50000,100000
6479,T0000002787,S005,1,PC-E,210000,210000
6480,T0000000370,S001,3,PC-A,50000,150000
6481,T0000005896,S005,4,PC-E,210000,840000
6482,T0000003183,S005,1,PC-E,210000,210000
6483,T0000003834,S001,4,PC-A,50000,200000
6484,T0000001703,S001,2,PC-A,50000,100000
6485,T0000002268,S005,1,PC-E,210000,210000
6486,T0000000303,S005,2,PC-E,210000,420000
6487,T0000003774,S001,2,PC-A,50000,100000
6488,T0000001348,S001,2,PC-A,50000,100000
6489,T0000005556,S002,2,PC-B,85000,170000
6490,T0000006581,S002,2,PC-B,85000,170000
6491,T0000005289,S002,3,PC-B,85000,255000
6492,T0000002422,S004,1,PC-D,180000,180000
6493,T0000003628,S005,4,PC-E,210000,840000
6494,T0000002428,S003,4,PC-C,120000,480000
6495,T0000003033,S004,3,PC-D,180000,540000
6496,T0000006157,S005,4,PC-E,210000,840000
6497,T0000000668,S003,4,PC-C,120000,480000
6498,T0000000499,S002,4,PC-B,85000,340000
6499,T0000001414,S003,1,PC-C,120000,120000
6500,T0000005668,S001,4,PC-A,50000,200000
6501,T0000006708,S001,1,PC-A,50000,50000
6502,T0000000529,S005,4,PC-E,210000,840000
6503,T0000006102,S004,4,PC-D,180000,720000
6504,T0000006635,S002,1,PC-B,85000,85000
6505,T0000003621,S005,3,PC-E,210000,630000
6506,T0000003456,S002,4,PC-B,85000,340000
6507,T0000005315,S001,2,PC-A,50000,100000
6508,T0000000754,S004,2,PC-D,180000,360000
6509,T0000002347,S004,3,PC-D,180000,540000
6510,T0000004910,S001,2,PC-A,50000,100000
6511,T0000006690,S003,1,PC-C,120000,120000
6512,T0000000726,S004,4,PC-D,180000,720000
6513,T0000004826,S003,4,PC-C,120000,480000
6514,T0000004923,S002,4,PC-B,85000,340000
6515,T0000002649,S004,4,PC-D,180000,720000
6516,T0000005427,S001,2,PC-A,50000,100000
6517,T0000002046,S003,2,PC-C,120000,240000
6518,T0000002815,S002,2,PC-B,85000,170000
6519,T0000000874,S002,1,PC-B,85000,85000
6520,T0000003279,S004,2,PC-D,180000,360000
6521,T0000002984,S004,2,PC-D,180000,360000
6522,T0000002178,S005,4,PC-E,210000,840000
6523,T0000003807,S005,2,PC-E,210000,420000
6524,T0000006099,S004,3,PC-D,180000,540000
6525,T0000005773,S005,3,PC-E,210000,630000
6526,T0000000607,S001,4,PC-A,50000,200000
6527,T0000006169,S001,2,PC-A,50000,100000
6528,T0000005573,S005,3,PC-E,210000,630000
6529,T0000000634,S004,3,PC-D,180000,540000
6530,T0000005305,S001,1,PC-A,50000,50000
6531,T0000004579,S002,4,PC-B,85000,340000
6532,T0000002727,S004,3,PC-D,180000,540000
6533,T0000001074,S003,3,PC-C,120000,360000
6534,T0000001914,S003,4,PC-C,120000,480000
6535,T0000006148,S004,2,PC-D,180000,360000
6536,T0000000588,S005,4,PC-E,210000,840000
6537,T0000003231,S001,1,PC-A,50000,50000
6538,T0000006351,S001,1,PC-A,50000,50000
6539,T0000002304,S004,1,PC-D,180000,180000
6540,T0000005324,S002,3,PC-B,85000,255000
6541,T0000003838,S005,2,PC-E,210000,420000
6542,T0000001973,S002,1,PC-B,85000,85000
6543,T0000006154,S004,4,PC-D,180000,720000
6544,T0000005044,S004,1,PC-D,180000,180000
6545,T0000002055,S002,3,PC-B,85000,255000
6546,T0000003480,S003,1,PC-C,120000,120000
6547,T0000002079,S004,2,PC-D,180000,360000
6548,T0000006103,S005,1,PC-E,210000,210000
6549,T0000006683,S002,2,PC-B,85000,170000
6550,T0000005837,S003,2,PC-C,120000,240000
6551,T0000003052,S002,4,PC-B,85000,340000
6552,T0000004482,S003,2,PC-C,120000,240000
6553,T0000001251,S003,3,PC-C,120000,360000
6554,T0000006783,S005,3,PC-E,210000,630000
6555,T0000005886,S004,2,PC-D,180000,360000
6556,T0000005594,S003,2,PC-C,120000,240000
6557,T0000003795,S004,1,PC-D,180000,180000
6558,T0000003822,S005,1,PC-E,210000,210000
6559,T0000004302,S004,4,PC-D,180000,720000
6560,T0000003389,S001,1,PC-A,50000,50000
6561,T0000005914,S003,3,PC-C,120000,360000
6562,T0000001780,S005,1,PC-E,210000,210000
6563,T0000002604,S002,4,PC-B,85000,340000
6564,T0000003688,S005,4,PC-E,210000,840000
6565,T0000006491,S003,2,PC-C,120000,240000
6566,T0000004888,S005,4,PC-E,210000,840000
6567,T0000006377,S002,2,PC-B,85000,170000
6568,T0000001724,S001,3,PC-A,50000,150000
6569,T0000005101,S003,3,PC-C,120000,360000
6570,T0000002784,S003,1,PC-C,120000,120000
6571,T0000005037,S005,4,PC-E,210000,840000
6572,T0000005261,S004,3,PC-D,180000,540000
6573,T0000003719,S004,2,PC-D,180000,360000
6574,T0000006319,S002,4,PC-B,85000,340000
6575,T0000001677,S001,4,PC-A,50000,200000
6576,T0000000448,S001,2,PC-A,50000,100000
6577,T0000004687,S005,4,PC-E,210000,840000
6578,T0000000081,S005,4,PC-E,210000,840000
6579,T0000006278,S004,3,PC-D,180000,540000
6580,T0000001406,S001,2,PC-A,50000,100000
6581,T0000001480,S001,3,PC-A,50000,150000
6582,T0000006583,S001,2,PC-A,50000,100000
6583,T0000001079,S002,1,PC-B,85000,85000
6584,T0000003598,S002,4,PC-B,85000,340000
6585,T0000004514,S005,4,PC-E,210000,840000
6586,T0000004183,S004,3,PC-D,180000,540000
6587,T0000003680,S003,4,PC-C,120000,480000
6588,T0000002703,S004,4,PC-D,180000,720000
6589,T0000004310,S002,3,PC-B,85000,255000
6590,T0000003756,S002,3,PC-B,85000,255000
6591,T0000001758,S005,2,PC-E,210000,420000
6592,T0000002599,S003,1,PC-C,120000,120000
6593,T0000005616,S001,3,PC-A,50000,150000
6594,T0000005813,S003,2,PC-C,120000,240000
6595,T0000002550,S003,3,PC-C,120000,360000
6596,T0000003853,S003,2,PC-C,120000,240000
6597,T0000002746,S005,1,PC-E,210000,210000
6598,T0000002292,S002,2,PC-B,85000,170000
6599,T0000001501,S001,2,PC-A,50000,100000
6600,T0000004404,S003,4,PC-C,120000,480000
6601,T0000000230,S001,3,PC-A,50000,150000
6602,T0000004250,S003,2,PC-C,120000,240000
6603,T0000001198,S002,3,PC-B,85000,255000
6604,T0000000114,S001,2,PC-A,50000,100000
6605,T0000001413,S004,4,PC-D,180000,720000
6606,T0000004406,S002,4,PC-B,85000,340000
6607,T0000000992,S001,1,PC-A,50000,50000
6608,T0000002347,S003,2,PC-C,120000,240000
6609,T0000001041,S003,4,PC-C,120000,480000
6610,T0000000011,S002,3,PC-B,85000,255000
6611,T0000005523,S002,2,PC-B,85000,170000
6612,T0000006375,S003,2,PC-C,120000,240000
6613,T0000003676,S001,1,PC-A,50000,50000
6614,T0000006109,S004,3,PC-D,180000,540000
6615,T0000004825,S005,1,PC-E,210000,210000
6616,T0000005397,S002,2,PC-B,85000,170000
6617,T0000005472,S003,1,PC-C,120000,120000
6618,T0000003065,S001,2,PC-A,50000,100000
6619,T0000002036,S002,2,PC-B,85000,170000
6620,T0000003046,S001,1,PC-A,50000,50000
6621,T0000002350,S002,1,PC-B,85000,85000
6622,T0000000540,S003,2,PC-C,120000,240000
6623,T0000006613,S001,1,PC-A,50000,50000
6624,T0000002860,S003,1,PC-C,120000,120000
6625,T0000000076,S001,2,PC-A,50000,100000
6626,T0000003067,S002,3,PC-B,85000,255000
6627,T0000000023,S005,1,PC-E,210000,210000
6628,T0000005134,S005,1,PC-E,210000,210000
6629,T0000000675,S004,4,PC-D,180000,720000
6630,T0000006668,S004,3,PC-D,180000,540000
6631,T0000002394,S003,1,PC-C,120000,120000
6632,T0000004267,S001,2,PC-A,50000,100000
6633,T0000005988,S004,4,PC-D,180000,720000
6634,T0000003398,S002,4,PC-B,85000,340000
6635,T0000002759,S005,4,PC-E,210000,840000
6636,T0000000488,S001,1,PC-A,50000,50000
6637,T0000001485,S005,2,PC-E,210000,420000
6638,T0000006521,S001,4,PC-A,50000,200000
6639,T0000003659,S004,3,PC-D,180000,540000
6640,T0000003235,S004,4,PC-D,180000,720000
6641,T0000002419,S003,4,PC-C,120000,480000
6642,T0000003495,S001,3,PC-A,50000,150000
6643,T0000000756,S002,4,PC-B,85000,340000
6644,T0000002524,S004,4,PC-D,180000,720000
6645,T0000006525,S003,3,PC-C,120000,360000
6646,T0000004250,S004,1,PC-D,180000,180000
6647,T0000000256,S005,3,PC-E,210000,630000
6648,T0000001779,S004,1,PC-D,180000,180000
6649,T0000004769,S001,1,PC-A,50000,50000
6650,T0000002115,S003,1,PC-C,120000,120000
6651,T0000006487,S001,3,PC-A,50000,150000
6652,T0000003348,S002,3,PC-B,85000,255000
6653,T0000004768,S002,1,PC-B,85000,85000
6654,T0000006534,S004,3,PC-D,180000,540000
6655,T0000001472,S003,1,PC-C,120000,120000
6656,T0000000258,S003,3,PC-C,120000,360000
6657,T0000004075,S003,2,PC-C,120000,240000
6658,T0000000306,S003,3,PC-C,120000,360000
6659,T0000001118,S004,3,PC-D,180000,540000
6660,T0000003017,S001,3,PC-A,50000,150000
6661,T0000004341,S004,1,PC-D,180000,180000
6662,T0000002780,S001,1,PC-A,50000,50000
6663,T0000001658,S005,2,PC-E,210000,420000
6664,T0000000186,S005,2,PC-E,210000,420000
6665,T0000001797,S001,4,PC-A,50000,200000
6666,T0000000924,S004,2,PC-D,180000,360000
6667,T0000000784,S002,1,PC-B,85000,85000
6668,T0000003444,S004,2,PC-D,180000,360000
6669,T0000005691,S002,2,PC-B,85000,170000
6670,T0000006551,S004,3,PC-D,180000,540000
6671,T0000003196,S003,2,PC-C,120000,240000
6672,T0000001360,S003,4,PC-C,120000,480000
6673,T0000000340,S005,3,PC-E,210000,630000
6674,T0000000562,S005,1,PC-E,210000,210000
6675,T0000004746,S001,4,PC-A,50000,200000
6676,T0000002999,S002,1,PC-B,85000,85000
6677,T0000001193,S003,4,PC-C,120000,480000
6678,T0000003110,S004,3,PC-D,180000,540000
6679,T0000000068,S001,4,PC-A,50000,200000
6680,T0000005679,S004,4,PC-D,180000,720000
6681,T0000002428,S003,2,PC-C,120000,240000
6682,T0000006200,S003,1,PC-C,120000,120000
6683,T0000005396,S003,3,PC-C,120000,360000
6684,T0000005218,S003,4,PC-C,120000,480000
6685,T0000005011,S004,1,PC-D,180000,180000
6686,T0000003598,S001,1,PC-A,50000,50000
6687,T0000002372,S003,2,PC-C,120000,240000
6688,T0000004556,S005,1,PC-E,210000,210000
6689,T0000006322,S001,3,PC-A,50000,150000
6690,T0000000843,S005,2,PC-E,210000,420000
6691,T0000000573,S004,4,PC-D,180000,720000
6692,T0000004214,S003,3,PC-C,120000,360000
6693,T0000002596,S001,3,PC-A,50000,150000
6694,T0000004741,S003,3,PC-C,120000,360000
6695,T0000001478,S003,2,PC-C,120000,240000
6696,T0000002073,S001,1,PC-A,50000,50000
6697,T0000001513,S003,3,PC-C,120000,360000
6698,T0000006127,S003,1,PC-C,120000,120000
6699,T0000005127,S002,1,PC-B,85000,85000
6700,T0000000968,S002,3,PC-B,85000,255000
6701,T0000006106,S001,1,PC-A,50000,50000
6702,T0000005635,S001,2,PC-A,50000,100000
6703,T0000006676,S003,2,PC-C,120000,240000
6704,T0000002196,S005,4,PC-E,210000,840000
6705,T0000001511,S001,1,PC-A,50000,50000
6706,T0000005144,S003,1,PC-C,120000,120000
6707,T0000000654,S005,4,PC-E,210000,840000
6708,T0000006050,S002,2,PC-B,85000,170000
6709,T0000002992,S001,4,PC-A,50000,200000
6710,T0000004650,S003,4,PC-C,120000,480000
6711,T0000004520,S002,4,PC-B,85000,340000
6712,T0000000292,S004,1,PC-D,180000,180000
6713,T0000005304,S002,1,PC-B,85000,85000
6714,T0000002601,S003,1,PC-C,120000,120000
6715,T0000004526,S005,1,PC-E,210000,210000
6716,T0000006747,S004,3,PC-D,180000,540000
6717,T0000004412,S004,4,PC-D,180000,720000
6718,T0000004493,S004,4,PC-D,180000,720000
6719,T0000005443,S001,1,PC-A,50000,50000
6720,T0000001588,S003,2,PC-C,120000,240000
6721,T0000000595,S004,3,PC-D,180000,540000
6722,T0000002593,S002,3,PC-B,85000,255000
6723,T0000002123,S005,2,PC-E,210000,420000
6724,T0000001943,S003,1,PC-C,120000,120000
6725,T0000000915,S002,3,PC-B,85000,255000
6726,T0000006629,S001,3,PC-A,50000,150000
6727,T0000003869,S004,4,PC-D,180000,720000
6728,T0000002794,S002,4,PC-B,85000,340000
6729,T0000005351,S003,1,PC-C,120000,120000
6730,T0000003078,S002,1,PC-B,85000,85000
6731,T0000006693,S001,4,PC-A,50000,200000
6732,T0000000975,S005,4,PC-E,210000,840000
6733,T0000001075,S004,4,PC-D,180000,720000
6734,T0000002989,S003,2,PC-C,120000,240000
6735,T0000003467,S004,3,PC-D,180000,540000
6736,T0000005340,S004,1,PC-D,180000,180000
6737,T0000001451,S004,1,PC-D,180000,180000
6738,T0000003823,S002,2,PC-B,85000,170000
6739,T0000005262,S002,4,PC-B,85000,340000
6740,T0000003932,S005,3,PC-E,210000,630000
6741,T0000002028,S001,4,PC-A,50000,200000
6742,T0000000362,S003,1,PC-C,120000,120000
6743,T0000002429,S002,2,PC-B,85000,170000
6744,T0000003632,S004,3,PC-D,180000,540000
6745,T0000002318,S001,3,PC-A,50000,150000
6746,T0000003085,S003,3,PC-C,120000,360000
6747,T0000002345,S003,3,PC-C,120000,360000
6748,T0000003598,S003,2,PC-C,120000,240000
6749,T0000004329,S003,1,PC-C,120000,120000
6750,T0000006718,S005,3,PC-E,210000,630000
6751,T0000001731,S003,3,PC-C,120000,360000
6752,T0000000026,S001,1,PC-A,50000,50000
6753,T0000005590,S002,4,PC-B,85000,340000
6754,T0000000092,S001,3,PC-A,50000,150000
6755,T0000002664,S004,3,PC-D,180000,540000
6756,T0000000308,S005,4,PC-E,210000,840000
6757,T0000000051,S005,1,PC-E,210000,210000
6758,T0000000318,S004,1,PC-D,180000,180000
6759,T0000001992,S001,3,PC-A,50000,150000
6760,T0000004276,S001,1,PC-A,50000,50000
6761,T0000005688,S004,4,PC-D,180000,720000
6762,T0000003891,S003,2,PC-C,120000,240000
6763,T0000004742,S003,4,PC-C,120000,480000
6764,T0000003956,S002,4,PC-B,85000,340000
6765,T0000006057,S001,2,PC-A,50000,100000
6766,T0000005379,S001,4,PC-A,50000,200000
6767,T0000006340,S004,3,PC-D,180000,540000
6768,T0000002692,S004,3,PC-D,180000,540000
6769,T0000003018,S003,1,PC-C,120000,120000
6770,T0000006398,S001,1,PC-A,50000,50000
6771,T0000002024,S001,4,PC-A,50000,200000
6772,T0000004431,S005,3,PC-E,210000,630000
6773,T0000005672,S002,3,PC-B,85000,255000
6774,T0000001525,S002,2,PC-B,85000,170000
6775,T0000005085,S003,1,PC-C,120000,120000
6776,T0000001278,S001,3,PC-A,50000,150000
6777,T0000000513,S005,4,PC-E,210000,840000
6778,T0000006125,S001,3,PC-A,50000,150000
6779,T0000004337,S004,1,PC-D,180000,180000
6780,T0000006292,S003,4,PC-C,120000,480000
6781,T0000001733,S002,1,PC-B,85000,85000
6782,T0000003370,S001,3,PC-A,50000,150000
6783,T0000003921,S003,3,PC-C,120000,360000
6784,T0000006763,S002,3,PC-B,85000,255000
6785,T0000002500,S001,1,PC-A,50000,50000
6786,T0000003464,S005,4,PC-E,210000,840000
6787,T0000002259,S003,3,PC-C,120000,360000
6788,T0000004763,S001,3,PC-A,50000,150000
6789,T0000004689,S002,3,PC-B,85000,255000
6790,T0000006274,S002,2,PC-B,85000,170000
6791,T0000002659,S005,2,PC-E,210000,420000
6792,T0000000255,S003,4,PC-C,120000,480000
6793,T0000001502,S003,1,PC-C,120000,120000
6794,T0000004656,S001,3,PC-A,50000,150000
6795,T0000002110,S002,3,PC-B,85000,255000
6796,T0000005430,S002,1,PC-B,85000,85000
6797,T0000000406,S005,1,PC-E,210000,210000
6798,T0000002849,S005,4,PC-E,210000,840000
6799,T0000003176,S003,1,PC-C,120000,120000
6800,T0000001860,S002,3,PC-B,85000,255000
6801,T0000006158,S001,4,PC-A,50000,200000
6802,T0000005806,S004,2,PC-D,180000,360000
6803,T0000004354,S001,4,PC-A,50000,200000
6804,T0000000722,S005,4,PC-E,210000,840000
6805,T0000001282,S001,4,PC-A,50000,200000
6806,T0000000613,S002,1,PC-B,85000,85000
6807,T0000003331,S003,3,PC-C,120000,360000
6808,T0000005790,S004,1,PC-D,180000,180000
6809,T0000003116,S003,3,PC-C,120000,360000
6810,T0000001978,S004,1,PC-D,180000,180000
6811,T0000000812,S004,4,PC-D,180000,720000
6812,T0000001786,S002,3,PC-B,85000,255000
6813,T0000000330,S002,1,PC-B,85000,85000
6814,T0000002212,S005,4,PC-E,210000,840000
6815,T0000001216,S005,2,PC-E,210000,420000
6816,T0000005640,S004,1,PC-D,180000,180000
6817,T0000005493,S005,1,PC-E,210000,210000
6818,T0000004482,S002,2,PC-B,85000,170000
6819,T0000005614,S005,1,PC-E,210000,210000
6820,T0000005913,S004,2,PC-D,180000,360000
6821,T0000005913,S003,3,PC-C,120000,360000
6822,T0000005910,S001,2,PC-A,50000,100000
6823,T0000003337,S005,4,PC-E,210000,840000
6824,T0000002375,S002,2,PC-B,85000,170000
6825,T0000005611,S003,3,PC-C,120000,360000
6826,T0000001240,S002,2,PC-B,85000,170000
6827,T0000000319,S005,2,PC-E,210000,420000
6828,T0000004494,S004,3,PC-D,180000,540000
6829,T0000001914,S001,1,PC-A,50000,50000
6830,T0000004200,S001,1,PC-A,50000,50000
6831,T0000004791,S003,4,PC-C,120000,480000
6832,T0000000329,S001,4,PC-A,50000,200000
6833,T0000000659,S004,2,PC-D,180000,360000
6834,T0000003688,S002,1,PC-B,85000,85000
6835,T0000003118,S004,1,PC-D,180000,180000
6836,T0000006742,S003,2,PC-C,120000,240000
6837,T0000004916,S003,3,PC-C,120000,360000
6838,T0000001972,S001,1,PC-A,50000,50000
6839,T0000006784,S004,4,PC-D,180000,720000
6840,T0000001793,S002,2,PC-B,85000,170000
6841,T0000006457,S004,3,PC-D,180000,540000
6842,T0000003218,S002,4,PC-B,85000,340000
6843,T0000004557,S002,1,PC-B,85000,85000
6844,T0000005703,S004,3,PC-D,180000,540000
6845,T0000002533,S005,4,PC-E,210000,840000
6846,T0000005771,S004,2,PC-D,180000,360000
6847,T0000002457,S002,3,PC-B,85000,255000
6848,T0000006170,S003,3,PC-C,120000,360000
6849,T0000003100,S003,2,PC-C,120000,240000
6850,T0000004366,S001,1,PC-A,50000,50000
6851,T0000002733,S003,1,PC-C,120000,120000
6852,T0000006644,S005,3,PC-E,210000,630000
6853,T0000004480,S002,3,PC-B,85000,255000
6854,T0000004155,S004,3,PC-D,180000,540000
6855,T0000005226,S004,4,PC-D,180000,720000
6856,T0000000219,S005,3,PC-E,210000,630000
6857,T0000005560,S003,1,PC-C,120000,120000
6858,T0000002818,S002,2,PC-B,85000,170000
6859,T0000001906,S003,2,PC-C,120000,240000
6860,T0000002611,S001,2,PC-A,50000,100000
6861,T0000005691,S003,3,PC-C,120000,360000
6862,T0000002593,S001,3,PC-A,50000,150000
6863,T0000000095,S004,2,PC-D,180000,360000
6864,T0000000988,S002,4,PC-B,85000,340000
6865,T0000001112,S001,4,PC-A,50000,200000
6866,T0000006041,S003,4,PC-C,120000,480000
6867,T0000002278,S003,4,PC-C,120000,480000
6868,T0000005063,S004,1,PC-D,180000,180000
6869,T0000006418,S005,2,PC-E,210000,420000
6870,T0000000245,S005,1,PC-E,210000,210000
6871,T0000002158,S003,3,PC-C,120000,360000
6872,T0000004329,S005,4,PC-E,210000,840000
6873,T0000003349,S002,4,PC-B,85000,340000
6874,T0000006560,S005,2,PC-E,210000,420000
6875,T0000002725,S002,4,PC-B,85000,340000
6876,T0000005247,S003,2,PC-C,120000,240000
6877,T0000005356,S003,3,PC-C,120000,360000
6878,T0000004077,S003,4,PC-C,120000,480000
6879,T0000004898,S004,4,PC-D,180000,720000
6880,T0000002666,S005,1,PC-E,210000,210000
6881,T0000003199,S001,2,PC-A,50000,100000
6882,T0000002754,S001,2,PC-A,50000,100000
6883,T0000001417,S003,4,PC-C,120000,480000
6884,T0000006618,S005,1,PC-E,210000,210000
6885,T0000000654,S002,4,PC-B,85000,340000
6886,T0000002442,S001,2,PC-A,50000,100000
6887,T0000000110,S003,2,PC-C,120000,240000
6888,T0000000089,S001,4,PC-A,50000,200000
6889,T0000000762,S001,3,PC-A,50000,150000
6890,T0000005399,S001,4,PC-A,50000,200000
6891,T0000005452,S003,1,PC-C,120000,120000
6892,T0000003172,S003,2,PC-C,120000,240000
6893,T0000002179,S004,2,PC-D,180000,360000
6894,T0000005132,S004,4,PC-D,180000,720000
6895,T0000002504,S004,3,PC-D,180000,540000
6896,T0000001464,S001,2,PC-A,50000,100000
6897,T0000000097,S005,4,PC-E,210000,840000
6898,T0000005239,S003,3,PC-C,120000,360000
6899,T0000000292,S004,4,PC-D,180000,720000
6900,T0000001839,S005,4,PC-E,210000,840000
6901,T0000001734,S004,4,PC-D,180000,720000
6902,T0000005120,S004,2,PC-D,180000,360000
6903,T0000002619,S005,3,PC-E,210000,630000
6904,T0000006393,S004,1,PC-D,180000,180000
6905,T0000004747,S001,1,PC-A,50000,50000
6906,T0000002196,S001,2,PC-A,50000,100000
6907,T0000003466,S001,2,PC-A,50000,100000
6908,T0000006187,S002,4,PC-B,85000,340000
6909,T0000001906,S004,4,PC-D,180000,720000
6910,T0000001721,S002,3,PC-B,85000,255000
6911,T0000003691,S003,4,PC-C,120000,480000
6912,T0000005163,S005,3,PC-E,210000,630000
6913,T0000006305,S003,4,PC-C,120000,480000
6914,T0000001816,S002,4,PC-B,85000,340000
6915,T0000000252,S001,1,PC-A,50000,50000
6916,T0000004227,S004,2,PC-D,180000,360000
6917,T0000003519,S004,3,PC-D,180000,540000
6918,T0000001907,S001,1,PC-A,50000,50000
6919,T0000001910,S004,4,PC-D,180000,720000
6920,T0000002521,S005,1,PC-E,210000,210000
6921,T0000005775,S005,3,PC-E,210000,630000
6922,T0000003849,S005,2,PC-E,210000,420000
6923,T0000005228,S003,1,PC-C,120000,120000
6924,T0000001058,S001,3,PC-A,50000,150000
6925,T0000003538,S005,4,PC-E,210000,840000
6926,T0000006021,S002,1,PC-B,85000,85000
6927,T0000002322,S005,2,PC-E,210000,420000
6928,T0000000186,S003,3,PC-C,120000,360000
6929,T0000000948,S002,2,PC-B,85000,170000
6930,T0000002290,S001,4,PC-A,50000,200000
6931,T0000004359,S001,2,PC-A,50000,100000
6932,T0000006093,S005,4,PC-E,210000,840000
6933,T0000004617,S002,4,PC-B,85000,340000
6934,T0000005660,S002,1,PC-B,85000,85000
6935,T0000004878,S005,4,PC-E,210000,840000
6936,T0000004630,S005,2,PC-E,210000,420000
6937,T0000000209,S004,1,PC-D,180000,180000
6938,T0000002093,S004,4,PC-D,180000,720000
6939,T0000003538,S005,3,PC-E,210000,630000
6940,T0000001563,S003,3,PC-C,120000,360000
6941,T0000000025,S004,4,PC-D,180000,720000
6942,T0000000174,S005,1,PC-E,210000,210000
6943,T0000005635,S002,1,PC-B,85000,85000
6944,T0000001334,S004,1,PC-D,180000,180000
6945,T0000000321,S003,2,PC-C,120000,240000
6946,T0000005698,S001,3,PC-A,50000,150000
6947,T0000005254,S002,4,PC-B,85000,340000
6948,T0000004150,S003,4,PC-C,120000,480000
6949,T0000004047,S003,3,PC-C,120000,360000
6950,T0000005662,S003,2,PC-C,120000,240000
6951,T0000005705,S002,1,PC-B,85000,85000
6952,T0000003227,S003,3,PC-C,120000,360000
6953,T0000001872,S001,4,PC-A,50000,200000
6954,T0000006290,S004,2,PC-D,180000,360000
6955,T0000005604,S002,4,PC-B,85000,340000
6956,T0000006742,S003,1,PC-C,120000,120000
6957,T0000002067,S005,3,PC-E,210000,630000
6958,T0000000332,S004,1,PC-D,180000,180000
6959,T0000005674,S002,2,PC-B,85000,170000
6960,T0000005002,S005,3,PC-E,210000,630000
6961,T0000002991,S005,1,PC-E,210000,210000
6962,T0000000910,S003,1,PC-C,120000,120000
6963,T0000004496,S002,1,PC-B,85000,85000
6964,T0000000949,S003,2,PC-C,120000,240000
6965,T0000005425,S001,1,PC-A,50000,50000
6966,T0000002075,S005,4,PC-E,210000,840000
6967,T0000002514,S001,3,PC-A,50000,150000
6968,T0000003331,S003,3,PC-C,120000,360000
6969,T0000003029,S004,1,PC-D,180000,180000
6970,T0000006006,S005,2,PC-E,210000,420000
6971,T0000000100,S004,4,PC-D,180000,720000
6972,T0000004646,S002,4,PC-B,85000,340000
6973,T0000002400,S005,3,PC-E,210000,630000
6974,T0000003371,S001,3,PC-A,50000,150000
6975,T0000005801,S004,4,PC-D,180000,720000
6976,T0000002343,S002,3,PC-B,85000,255000
6977,T0000000352,S005,1,PC-E,210000,210000
6978,T0000002955,S002,4,PC-B,85000,340000
6979,T0000001018,S001,3,PC-A,50000,150000
6980,T0000001179,S005,1,PC-E,210000,210000
6981,T0000005193,S002,1,PC-B,85000,85000
6982,T0000003536,S003,4,PC-C,120000,480000
6983,T0000003650,S005,1,PC-E,210000,210000
6984,T0000002502,S005,4,PC-E,210000,840000
6985,T0000003819,S005,1,PC-E,210000,210000
6986,T0000000979,S005,4,PC-E,210000,840000
6987,T0000005451,S003,4,PC-C,120000,480000
6988,T0000004834,S001,4,PC-A,50000,200000
6989,T0000000976,S003,4,PC-C,120000,480000
6990,T0000001371,S003,1,PC-C,120000,120000
6991,T0000002280,S002,4,PC-B,85000,340000
6992,T0000005897,S004,3,PC-D,180000,540000
6993,T0000006245,S004,1,PC-D,180000,180000
6994,T0000005048,S002,4,PC-B,85000,340000
6995,T0000004576,S003,1,PC-C,120000,120000
6996,T0000005333,S002,1,PC-B,85000,85000
6997,T0000000107,S005,1,PC-E,210000,210000
6998,T0000000972,S002,1,PC-B,85000,85000
6999,T0000001626,S002,4,PC-B,85000,340000
7000,T0000000703,S005,1,PC-E,210000,210000
7001,T0000006478,S004,3,PC-D,180000,540000
7002,T0000006229,S005,1,PC-E,210000,210000
7003,T0000000874,S001,1,PC-A,50000,50000
7004,T0000005543,S002,3,PC-B,85000,255000
7005,T0000003809,S002,4,PC-B,85000,340000
7006,T0000002411,S004,3,PC-D,180000,540000
7007,T0000002107,S003,2,PC-C,120000,240000
7008,T0000003553,S005,3,PC-E,210000,630000
7009,T0000001273,S003,4,PC-C,120000,480000
7010,T0000000559,S001,3,PC-A,50000,150000
7011,T0000000116,S005,1,PC-E,210000,210000
7012,T0000004969,S001,4,PC-A,50000,200000
7013,T0000005063,S001,2,PC-A,50000,100000
7014,T0000003046,S001,4,PC-A,50000,200000
7015,T0000005664,S005,1,PC-E,210000,210000
7016,T0000000043,S005,2,PC-E,210000,420000
7017,T0000000508,S004,4,PC-D,180000,720000
7018,T0000006107,S002,4,PC-B,85000,340000
7019,T0000005284,S003,1,PC-C,120000,120000
7020,T0000003439,S003,3,PC-C,120000,360000
7021,T0000003928,S001,3,PC-A,50000,150000
7022,T0000005411,S005,2,PC-E,210000,420000
7023,T0000004944,S005,1,PC-E,210000,210000
7024,T0000005975,S001,1,PC-A,50000,50000
7025,T0000000916,S002,3,PC-B,85000,255000
7026,T0000002945,S003,3,PC-C,120000,360000
7027,T0000000798,S004,2,PC-D,180000,360000
7028,T0000004971,S002,3,PC-B,85000,255000
7029,T0000001760,S005,2,PC-E,210000,420000
7030,T0000002333,S001,4,PC-A,50000,200000
7031,T0000003275,S003,2,PC-C,120000,240000
7032,T0000000818,S001,2,PC-A,50000,100000
7033,T0000002168,S005,2,PC-E,210000,420000
7034,T0000005040,S001,4,PC-A,50000,200000
7035,T0000003735,S003,3,PC-C,120000,360000
7036,T0000003065,S001,2,PC-A,50000,100000
7037,T0000003259,S003,3,PC-C,120000,360000
7038,T0000000906,S001,2,PC-A,50000,100000
7039,T0000004108,S001,3,PC-A,50000,150000
7040,T0000000602,S003,2,PC-C,120000,240000
7041,T0000004295,S001,3,PC-A,50000,150000
7042,T0000002633,S002,1,PC-B,85000,85000
7043,T0000001791,S004,4,PC-D,180000,720000
7044,T0000003527,S002,2,PC-B,85000,170000
7045,T0000004543,S004,4,PC-D,180000,720000
7046,T0000001811,S002,2,PC-B,85000,170000
7047,T0000003911,S004,1,PC-D,180000,180000
7048,T0000000840,S001,1,PC-A,50000,50000
7049,T0000003142,S003,4,PC-C,120000,480000
7050,T0000004685,S003,2,PC-C,120000,240000
7051,T0000005249,S005,3,PC-E,210000,630000
7052,T0000002090,S004,2,PC-D,180000,360000
7053,T0000004615,S005,3,PC-E,210000,630000
7054,T0000001036,S005,4,PC-E,210000,840000
7055,T0000000724,S004,4,PC-D,180000,720000
7056,T0000006766,S003,1,PC-C,120000,120000
7057,T0000000987,S004,3,PC-D,180000,540000
7058,T0000000802,S001,2,PC-A,50000,100000
7059,T0000002582,S005,1,PC-E,210000,210000
7060,T0000006445,S005,4,PC-E,210000,840000
7061,T0000003837,S004,1,PC-D,180000,180000
7062,T0000000526,S005,2,PC-E,210000,420000
7063,T0000001665,S003,2,PC-C,120000,240000
7064,T0000001138,S005,4,PC-E,210000,840000
7065,T0000000459,S004,1,PC-D,180000,180000
7066,T0000002552,S003,3,PC-C,120000,360000
7067,T0000005027,S003,3,PC-C,120000,360000
7068,T0000006082,S005,3,PC-E,210000,630000
7069,T0000004420,S004,2,PC-D,180000,360000
7070,T0000004674,S005,1,PC-E,210000,210000
7071,T0000002808,S001,3,PC-A,50000,150000
7072,T0000002898,S001,1,PC-A,50000,50000
7073,T0000005633,S003,4,PC-C,120000,480000
7074,T0000003243,S005,3,PC-E,210000,630000
7075,T0000004068,S001,1,PC-A,50000,50000
7076,T0000006645,S002,2,PC-B,85000,170000
7077,T0000006096,S001,4,PC-A,50000,200000
7078,T0000006477,S005,4,PC-E,210000,840000
7079,T0000002331,S005,4,PC-E,210000,840000
7080,T0000004570,S001,4,PC-A,50000,200000
7081,T0000005173,S005,2,PC-E,210000,420000
7082,T0000005577,S005,2,PC-E,210000,420000
7083,T0000005698,S002,3,PC-B,85000,255000
7084,T0000005539,S003,2,PC-C,120000,240000
7085,T0000003685,S005,2,PC-E,210000,420000
7086,T0000000631,S004,4,PC-D,180000,720000
7087,T0000004798,S003,2,PC-C,120000,240000
7088,T0000002456,S003,4,PC-C,120000,480000
7089,T0000000981,S004,1,PC-D,180000,180000
7090,T0000005423,S001,1,PC-A,50000,50000
7091,T0000006054,S002,1,PC-B,85000,85000
7092,T0000004654,S005,1,PC-E,210000,210000
7093,T0000004317,S001,1,PC-A,50000,50000
7094,T0000001556,S004,1,PC-D,180000,180000
7095,T0000002205,S002,1,PC-B,85000,85000
7096,T0000004443,S002,4,PC-B,85000,340000
7097,T0000005278,S002,4,PC-B,85000,340000
7098,T0000004984,S004,4,PC-D,180000,720000
7099,T0000003955,S001,4,PC-A,50000,200000
7100,T0000000921,S005,2,PC-E,210000,420000
7101,T0000005354,S002,2,PC-B,85000,170000
7102,T0000000404,S002,3,PC-B,85000,255000
7103,T0000005376,S001,2,PC-A,50000,100000
7104,T0000004772,S002,4,PC-B,85000,340000
7105,T0000004684,S002,4,PC-B,85000,340000
7106,T0000001620,S004,1,PC-D,180000,180000
7107,T0000006701,S003,1,PC-C,120000,120000
7108,T0000002952,S001,3,PC-A,50000,150000
7109,T0000003118,S001,2,PC-A,50000,100000
7110,T0000006622,S001,4,PC-A,50000,200000
7111,T0000006630,S004,2,PC-D,180000,360000
7112,T0000001594,S004,3,PC-D,180000,540000
7113,T0000000565,S005,1,PC-E,210000,210000
7114,T0000006667,S004,4,PC-D,180000,720000
7115,T0000004799,S001,1,PC-A,50000,50000
7116,T0000002868,S005,4,PC-E,210000,840000
7117,T0000000857,S003,1,PC-C,120000,120000
7118,T0000001284,S002,1,PC-B,85000,85000
7119,T0000000584,S002,3,PC-B,85000,255000
7120,T0000004327,S005,2,PC-E,210000,420000
7121,T0000006413,S003,1,PC-C,120000,120000
7122,T0000001245,S002,4,PC-B,85000,340000
7123,T0000000051,S005,2,PC-E,210000,420000
7124,T0000002163,S004,2,PC-D,180000,360000
7125,T0000000537,S001,1,PC-A,50000,50000
7126,T0000000540,S003,1,PC-C,120000,120000
7127,T0000005138,S002,1,PC-B,85000,85000
7128,T0000000814,S001,2,PC-A,50000,100000
7129,T0000001415,S005,3,PC-E,210000,630000
7130,T0000002838,S002,1,PC-B,85000,85000
7131,T0000001652,S001,2,PC-A,50000,100000
7132,T0000002665,S004,2,PC-D,180000,360000
7133,T0000004514,S003,4,PC-C,120000,480000
7134,T0000004062,S005,1,PC-E,210000,210000
7135,T0000002356,S002,3,PC-B,85000,255000
7136,T0000003810,S004,4,PC-D,180000,720000
7137,T0000000863,S003,1,PC-C,120000,120000
7138,T0000000185,S003,4,PC-C,120000,480000
7139,T0000004356,S004,1,PC-D,180000,180000
7140,T0000001551,S002,4,PC-B,85000,340000
7141,T0000005392,S003,3,PC-C,120000,360000
7142,T0000002207,S005,4,PC-E,210000,840000
7143,T0000000761,S001,4,PC-A,50000,200000
