transaction_id,payment_date,customer_id,price
T0000005000,2024-08-24 12:00:57,hb######,1350000.0
T0000005001,2024-10-19 10:36:15,KT######,
T0000005002,2024-05-28 15:22:36,dc######,840000.0
T0000005003,2024-07-21 09:49:14,Ej######,50000.0
T0000005004,2024-07-02 04:36:00,tP######,
T0000005005,2024-10-31 15:12:14,Tz######,
T0000005006,2024-12-07 00:14:12,pQ######,380000.0
T0000005007,2024-05-26 06:24:02,xQ######,180000.0
T0000005008,2024-06-27 04:10:08,zM######,350000.0
T0000005009,2024-09-24 05:59:25,Cf######,410000.0
T0000005010,2024-07-12 04:23:50,Tl######,
T0000005011,2024-04-30 20:05:37,Lk######,600000.0
T0000005012,2024-04-24 20:05:33,SB######,360000.0
T0000005013,2024-06-15 08:40:00,yI######,240000.0
T0000005014,2024-09-22 05:15:10,Ms######,
T0000005015,2024-12-27 15:21:55,wz######,
T0000005016,2024-11-02 00:41:54,gk######,600000.0
T0000005017,2024-10-10 01:00:14,OA######,
T0000005018,2025-03-07 03:21:53,Wb######,100000.0
T0000005019,2024-03-25 11:00:57,Wl######,630000.0
T0000005020,2024-08-26 16:11:18,Lg######,
T0000005021,2024-06-07 20:49:05,xJ######,240000.0
T0000005022,2024-04-11 07:25:22,hA######,
T0000005023,2024-11-18 07:26:31,qM######,
T0000005024,2024-06-05 23:12:33,pl######,1275000.0
T0000005025,2024-11-01 13:34:49,fB######,
T0000005026,2024-12-23 10:46:17,rC######,50000.0
T0000005027,2024-06-11 22:31:08,Rq######,510000.0
T0000005028,2024-05-08 01:45:53,Ez######,
T0000005029,2024-09-29 21:19:43,gM######,
T0000005030,2024-04-26 21:42:05,By######,
T0000005031,2024-07-20 02:57:42,CR######,240000.0
T0000005032,2024-11-19 07:33:08,Vo######,150000.0
T0000005033,2024-05-15 02:06:59,yU######,150000.0
T0000005034,2024-10-02 04:45:48,dW######,
T0000005035,2024-05-29 22:01:00,Nt######,
T0000005036,2024-10-23 16:01:01,jZ######,480000.0
T0000005037,2025-03-04 01:11:52,cD######,840000.0
T0000005038,2024-05-18 21:43:08,Lj######,
T0000005039,2025-03-04 04:55:10,iy######,100000.0
T0000005040,2025-02-03 04:23:20,fN######,200000.0
T0000005041,2024-08-30 17:44:51,dc######,85000.0
T0000005042,2024-04-25 02:41:54,wh######,
T0000005043,2024-06-16 06:04:04,Lg######,
T0000005044,2024-11-07 03:53:15,pj######,180000.0
T0000005045,2024-05-06 07:37:06,mB######,290000.0
T0000005046,2024-11-13 16:22:42,zE######,
T0000005047,2024-05-16 11:48:17,aj######,
T0000005048,2024-11-26 15:56:01,IZ######,340000.0
T0000005049,2025-02-23 00:48:14,IT######,
T0000005050,2024-09-27 00:17:34,nB######,
T0000005051,2024-12-26 18:14:39,hd######,240000.0
T0000005052,2025-02-12 02:37:47,sQ######,720000.0
T0000005053,2025-02-17 06:21:34,Ky######,50000.0
T0000005054,2024-11-17 19:49:00,Xp######,
T0000005055,2024-04-26 09:59:46,bH######,975000.0
T0000005056,2024-07-11 01:31:35,id######,100000.0
T0000005057,2024-09-22 12:26:49,Ej######,840000.0
T0000005058,2024-06-30 05:03:53,Ey######,
T0000005059,2025-02-28 16:44:33,cV######,540000.0
T0000005060,2024-04-21 09:34:17,zE######,
T0000005061,2024-11-15 16:47:50,Qz######,720000.0
T0000005062,2024-08-14 03:52:06,Vz######,540000.0
T0000005063,2025-02-22 22:47:19,iy######,280000.0
T0000005064,2024-09-09 22:38:24,qM######,780000.0
T0000005065,2024-06-24 17:03:31,lT######,1140000.0
T0000005066,2024-08-19 11:26:04,bi######,
T0000005067,2024-11-02 10:41:58,Wh######,255000.0
T0000005068,2025-02-09 01:04:42,iT######,85000.0
T0000005069,2024-04-14 22:32:21,kK######,750000.0
T0000005070,2024-09-04 12:13:19,Gp######,180000.0
T0000005071,2024-07-04 19:24:52,Ht######,
T0000005072,2024-10-29 12:04:43,lf######,250000.0
T0000005073,2024-07-27 17:48:52,ds######,495000.0
T0000005074,2024-11-23 21:37:14,sR######,615000.0
T0000005075,2024-08-05 19:55:05,RM######,
T0000005076,2024-09-09 17:39:07,xw######,
T0000005077,2024-05-12 15:00:11,Zu######,1290000.0
T0000005078,2024-04-08 07:56:48,KN######,
T0000005079,2024-09-12 17:32:21,DB######,180000.0
T0000005080,2025-02-26 23:42:50,gX######,280000.0
T0000005081,2024-05-13 04:37:06,Ny######,1345000.0
T0000005082,2024-12-04 09:15:22,rG######,
T0000005083,2024-06-13 10:04:54,xJ######,795000.0
T0000005084,2024-10-02 21:19:40,Bv######,530000.0
T0000005085,2025-01-31 07:15:51,ij######,860000.0
T0000005086,2024-10-31 17:06:11,AK######,595000.0
T0000005087,2024-08-25 08:23:50,eP######,600000.0
T0000005088,2025-02-22 05:41:14,hz######,900000.0
T0000005089,2025-01-07 18:40:39,ZP######,
T0000005090,2025-02-25 03:56:36,nz######,
T0000005091,2025-03-06 15:58:52,tg######,960000.0
T0000005092,2024-04-22 14:57:21,xR######,210000.0
T0000005093,2024-07-21 18:42:36,Ey######,410000.0
T0000005094,2024-05-20 21:16:42,Mn######,200000.0
T0000005095,2024-06-29 19:44:54,VE######,360000.0
T0000005096,2024-07-24 13:58:29,PX######,770000.0
T0000005097,2024-12-11 21:01:09,yp######,720000.0
T0000005098,2024-09-29 21:15:04,VP######,
T0000005099,2024-05-05 08:39:38,SI######,
T0000005100,2025-02-03 19:59:54,jm######,50000.0
T0000005101,2024-11-13 07:04:17,JJ######,360000.0
T0000005102,2024-07-29 09:52:45,Vi######,
T0000005103,2024-04-22 13:20:07,VL######,
T0000005104,2024-05-22 19:10:26,Wa######,120000.0
T0000005105,2024-06-03 13:16:51,gy######,100000.0
T0000005106,2024-12-09 01:56:51,gr######,
T0000005107,2024-12-10 22:42:22,fW######,180000.0
T0000005108,2024-08-14 02:17:48,OJ######,255000.0
T0000005109,2024-05-24 03:05:19,Gv######,420000.0
T0000005110,2024-10-19 01:23:23,Qf######,
T0000005111,2024-10-23 05:13:02,Ef######,1200000.0
T0000005112,2024-10-02 09:46:49,wW######,420000.0
T0000005113,2024-06-21 16:09:26,rm######,1770000.0
T0000005114,2024-07-17 09:38:19,Nz######,715000.0
T0000005115,2024-06-11 00:41:22,sq######,
T0000005116,2024-10-12 01:27:22,Up######,
T0000005117,2024-08-21 13:52:49,Vq######,150000.0
T0000005118,2025-01-03 16:14:13,wg######,
T0000005119,2024-08-11 11:49:43,Nz######,100000.0
T0000005120,2024-05-22 10:40:22,nj######,360000.0
T0000005121,2024-12-19 19:53:18,xT######,1800000.0
T0000005122,2024-09-22 09:19:17,mm######,340000.0
T0000005123,2024-06-25 17:50:53,OO######,
T0000005124,2024-03-18 09:36:06,ds######,
T0000005125,2025-01-01 17:01:24,OM######,
T0000005126,2024-03-07 21:16:50,rg######,
T0000005127,2024-04-12 03:43:41,Ez######,1305000.0
T0000005128,2025-01-02 00:56:52,em######,150000.0
T0000005129,2024-07-09 19:21:56,HQ######,
T0000005130,2025-02-06 11:51:09,Va######,455000.0
T0000005131,2024-11-24 13:50:36,hG######,85000.0
T0000005132,2024-07-29 03:26:11,Dx######,720000.0
T0000005133,2024-10-14 00:56:56,Vk######,210000.0
T0000005134,2024-06-26 07:39:50,HP######,210000.0
T0000005135,2024-12-30 01:46:52,bH######,630000.0
T0000005136,2024-03-10 01:31:27,aT######,
T0000005137,2024-11-13 07:23:30,qA######,1310000.0
T0000005138,2024-05-09 05:46:28,zR######,890000.0
T0000005139,2025-01-06 11:07:41,UK######,630000.0
T0000005140,2025-01-14 00:16:28,DA######,
T0000005141,2024-06-01 02:08:27,uh######,1405000.0
T0000005142,2025-01-30 21:39:45,cV######,680000.0
T0000005143,2025-02-07 09:33:00,oi######,610000.0
T0000005144,2024-06-04 05:16:28,aH######,120000.0
T0000005145,2024-08-09 04:58:23,Oc######,720000.0
T0000005146,2024-06-23 09:03:24,Lo######,
T0000005147,2024-10-24 21:00:09,EY######,410000.0
T0000005148,2024-04-11 19:13:41,OM######,
T0000005149,2024-04-19 18:23:03,wD######,150000.0
T0000005150,2024-03-08 13:51:23,hb######,820000.0
T0000005151,2024-12-18 00:19:16,xe######,
T0000005152,2025-01-08 23:22:45,mi######,210000.0
T0000005153,2024-04-11 00:48:20,wq######,1380000.0
T0000005154,2024-11-24 01:17:48,pd######,85000.0
T0000005155,2024-03-22 08:23:28,Rq######,
T0000005156,2024-08-29 12:44:42,Jr######,340000.0
T0000005157,2025-01-03 07:04:30,wi######,720000.0
T0000005158,2024-10-15 14:49:25,Ic######,1380000.0
T0000005159,2024-12-18 14:30:57,lK######,360000.0
T0000005160,2024-08-13 02:30:28,tP######,
T0000005161,2025-02-25 15:25:11,Pq######,50000.0
T0000005162,2024-09-16 10:10:31,bU######,
T0000005163,2024-07-05 20:24:43,Mf######,630000.0
T0000005164,2024-03-23 07:13:50,DY######,
T0000005165,2024-10-08 14:19:33,xC######,
T0000005166,2024-07-15 09:51:02,YZ######,840000.0
T0000005167,2025-02-11 06:51:48,Yl######,530000.0
T0000005168,2024-05-25 12:35:41,Ap######,
T0000005169,2024-12-19 10:41:47,Qm######,
T0000005170,2024-08-28 02:44:10,hR######,970000.0
T0000005171,2025-03-02 10:12:44,iX######,300000.0
T0000005172,2024-04-06 14:03:52,rG######,
T0000005173,2024-09-18 15:26:15,yV######,1050000.0
T0000005174,2024-09-16 10:48:51,MB######,
T0000005175,2024-04-13 12:37:05,UM######,
T0000005176,2024-06-15 22:36:52,Cg######,865000.0
T0000005177,2024-10-18 04:26:06,SF######,
T0000005178,2024-09-26 03:05:05,QJ######,1200000.0
T0000005179,2024-09-07 19:24:31,Zh######,
T0000005180,2024-05-31 03:14:22,lb######,50000.0
T0000005181,2024-10-06 19:52:13,Ej######,
T0000005182,2024-10-31 17:08:47,gD######,
T0000005183,2024-10-28 05:01:14,LT######,170000.0
T0000005184,2024-06-16 08:29:28,Fu######,720000.0
T0000005185,2024-08-23 21:31:53,lU######,840000.0
T0000005186,2024-05-27 18:39:59,fW######,340000.0
T0000005187,2024-09-17 03:28:33,Xp######,340000.0
T0000005188,2024-04-29 20:49:14,mE######,1950000.0
T0000005189,2024-04-23 10:15:52,VZ######,595000.0
T0000005190,2024-12-31 17:10:54,bf######,645000.0
T0000005191,2024-08-08 16:08:23,iy######,100000.0
T0000005192,2024-12-06 02:13:38,AW######,515000.0
T0000005193,2024-12-16 11:30:53,aQ######,1005000.0
T0000005194,2024-10-14 04:48:45,db######,420000.0
T0000005195,2025-02-21 12:10:27,FE######,120000.0
T0000005196,2024-09-28 13:56:42,lt######,210000.0
T0000005197,2024-03-16 14:15:41,Om######,720000.0
T0000005198,2025-01-04 07:58:56,HN######,770000.0
T0000005199,2024-05-18 02:37:49,Ny######,990000.0
T0000005200,2024-04-25 01:52:40,VR######,210000.0
T0000005201,2024-05-20 23:39:06,dS######,1240000.0
T0000005202,2024-10-03 00:40:54,xZ######,700000.0
T0000005203,2025-01-05 12:54:38,AC######,
T0000005204,2024-12-02 08:30:50,HS######,360000.0
T0000005205,2024-04-27 02:11:47,Ef######,360000.0
T0000005206,2024-03-30 06:40:19,fW######,480000.0
T0000005207,2025-01-23 19:32:09,VX######,
T0000005208,2024-12-17 07:13:14,zC######,
T0000005209,2024-05-08 03:56:29,aH######,
T0000005210,2024-09-23 23:25:18,hz######,630000.0
T0000005211,2024-12-06 23:11:04,sf######,150000.0
T0000005212,2024-06-08 15:16:32,PN######,50000.0
T0000005213,2024-09-27 00:32:52,oa######,
T0000005214,2025-01-27 02:53:31,Bd######,1040000.0
T0000005215,2024-03-15 12:36:19,gM######,405000.0
T0000005216,2024-10-16 14:46:07,ZF######,
T0000005217,2025-01-30 06:25:56,cB######,
T0000005218,2024-09-03 18:34:57,Zx######,660000.0
T0000005219,2025-01-28 22:28:07,mj######,100000.0
T0000005220,2024-07-20 20:20:45,OZ######,210000.0
T0000005221,2024-12-26 22:21:26,Lt######,100000.0
T0000005222,2024-07-02 17:30:39,Sv######,210000.0
T0000005223,2024-12-15 23:46:47,hS######,170000.0
T0000005224,2024-06-09 23:46:10,Qz######,
T0000005225,2024-05-03 08:16:09,CF######,
T0000005226,2024-05-27 01:36:39,jm######,890000.0
T0000005227,2024-10-22 05:15:11,yI######,420000.0
T0000005228,2024-04-09 13:32:11,ih######,120000.0
T0000005229,2024-04-20 11:44:35,dS######,180000.0
T0000005230,2024-04-29 22:33:39,DZ######,50000.0
T0000005231,2024-05-04 10:35:40,rA######,200000.0
T0000005232,2024-05-22 15:11:33,Wi######,480000.0
T0000005233,2024-05-29 12:56:17,Cc######,625000.0
T0000005234,2025-03-03 03:52:22,HL######,185000.0
T0000005235,2025-02-05 02:25:03,Za######,85000.0
T0000005236,2024-07-16 18:27:01,KR######,840000.0
T0000005237,2024-12-12 07:04:33,tw######,1560000.0
T0000005238,2024-08-30 00:02:02,DA######,
T0000005239,2024-09-08 19:28:59,Oe######,360000.0
T0000005240,2024-03-30 02:52:54,Ef######,
T0000005241,2024-08-03 04:20:13,bi######,210000.0
T0000005242,2024-10-18 15:10:22,nc######,340000.0
T0000005243,2024-04-08 21:58:46,cc######,255000.0
T0000005244,2024-06-30 05:25:20,gg######,360000.0
T0000005245,2024-08-08 09:15:56,Rk######,
T0000005246,2025-01-17 12:01:42,AZ######,405000.0
T0000005247,2024-09-01 12:45:03,qo######,1035000.0
T0000005248,2024-12-20 05:47:57,VU######,720000.0
T0000005249,2024-07-27 10:02:33,An######,930000.0
T0000005250,2024-11-01 15:53:13,ih######,
T0000005251,2024-05-15 19:55:52,Bt######,
T0000005252,2025-02-28 12:31:17,ei######,840000.0
T0000005253,2024-06-24 05:00:05,FA######,150000.0
T0000005254,2024-05-04 11:01:17,tZ######,340000.0
T0000005255,2024-09-10 12:50:06,RM######,480000.0
T0000005256,2024-07-23 05:04:00,Hz######,420000.0
T0000005257,2024-12-31 02:05:19,Oa######,170000.0
T0000005258,2024-04-29 15:54:17,rm######,360000.0
T0000005259,2024-06-16 07:53:50,gu######,630000.0
T0000005260,2024-05-24 04:43:31,rG######,205000.0
T0000005261,2024-11-01 18:14:12,tR######,750000.0
T0000005262,2024-08-11 23:15:19,mr######,700000.0
T0000005263,2025-01-01 22:34:27,Py######,890000.0
T0000005264,2024-04-12 23:55:35,ko######,210000.0
T0000005265,2025-01-21 14:15:21,ZE######,100000.0
T0000005266,2024-08-28 05:26:44,Vz######,170000.0
T0000005267,2024-08-03 10:51:52,DS######,
T0000005268,2024-05-29 21:27:36,KP######,470000.0
T0000005269,2024-05-11 17:24:08,nS######,540000.0
T0000005270,2024-09-05 01:37:23,Xx######,
T0000005271,2024-05-01 03:07:24,on######,
T0000005272,2024-04-26 16:18:31,yn######,720000.0
T0000005273,2024-04-30 15:31:36,xd######,830000.0
T0000005274,2024-06-04 21:53:58,Qw######,
T0000005275,2024-10-27 14:12:34,tb######,660000.0
T0000005276,2024-03-08 06:33:00,Nh######,240000.0
T0000005277,2024-09-05 00:52:14,OJ######,
T0000005278,2024-04-18 03:13:19,VP######,340000.0
T0000005279,2024-07-29 23:03:38,Uj######,840000.0
T0000005280,2024-08-06 10:08:46,dQ######,85000.0
T0000005281,2025-01-20 23:45:12,Lf######,360000.0
T0000005282,2024-07-20 20:37:06,nF######,
T0000005283,2024-04-04 16:26:05,Tz######,360000.0
T0000005284,2024-05-01 12:00:19,zd######,120000.0
T0000005285,2024-10-25 02:02:59,cq######,530000.0
T0000005286,2024-05-27 06:28:24,VH######,340000.0
T0000005287,2024-06-07 19:08:08,Ej######,460000.0
T0000005288,2024-12-29 23:16:15,al######,720000.0
T0000005289,2024-06-28 22:36:24,dL######,795000.0
T0000005290,2025-01-06 09:46:38,nH######,
T0000005291,2024-04-17 19:15:29,cz######,
T0000005292,2024-12-22 17:55:01,uC######,100000.0
T0000005293,2024-07-16 01:00:58,PL######,420000.0
T0000005294,2024-07-16 05:34:16,UM######,
T0000005295,2024-03-30 21:44:23,gk######,100000.0
T0000005296,2025-02-09 10:55:36,cc######,
T0000005297,2024-05-10 16:40:19,Ai######,990000.0
T0000005298,2024-11-12 07:29:31,AK######,870000.0
T0000005299,2024-07-13 15:47:54,VH######,540000.0
T0000005300,2024-12-20 04:54:09,vX######,180000.0
T0000005301,2024-09-09 22:47:53,Vu######,1440000.0
T0000005302,2024-09-17 20:17:15,Na######,930000.0
T0000005303,2024-07-02 11:23:10,Fq######,210000.0
T0000005304,2024-04-27 17:02:50,qA######,85000.0
T0000005305,2024-09-01 08:16:50,QS######,50000.0
T0000005306,2024-10-26 18:06:05,ev######,150000.0
T0000005307,2025-02-13 15:36:03,rH######,1260000.0
T0000005308,2025-02-02 07:55:15,wW######,1350000.0
T0000005309,2024-12-22 06:06:15,Gm######,
T0000005310,2024-07-31 01:38:27,bS######,550000.0
T0000005311,2024-10-26 02:33:43,iQ######,970000.0
T0000005312,2024-05-23 11:13:00,UZ######,
T0000005313,2024-07-31 01:15:38,oD######,
T0000005314,2025-01-09 15:38:02,HX######,
T0000005315,2024-07-27 09:25:30,Wt######,440000.0
T0000005316,2024-05-04 02:15:45,lD######,890000.0
T0000005317,2024-04-17 21:22:45,Cf######,600000.0
T0000005318,2024-05-13 06:52:11,Zf######,340000.0
T0000005319,2024-03-08 18:42:14,ET######,1140000.0
T0000005320,2025-01-26 07:12:00,dO######,
T0000005321,2024-10-08 06:26:08,Gr######,360000.0
T0000005322,2024-11-05 15:04:20,FB######,885000.0
T0000005323,2024-05-27 01:56:12,Tj######,300000.0
T0000005324,2024-08-05 14:10:03,Gt######,795000.0
T0000005325,2024-12-21 22:27:25,Eq######,360000.0
T0000005326,2024-11-21 21:05:09,Gf######,1165000.0
T0000005327,2025-02-06 19:37:13,Ue######,480000.0
T0000005328,2024-07-16 11:47:46,zd######,1080000.0
T0000005329,2025-02-16 02:36:23,ko######,390000.0
T0000005330,2024-03-14 07:44:09,zX######,480000.0
T0000005331,2024-07-02 19:43:51,KM######,
T0000005332,2024-05-18 04:57:57,UZ######,240000.0
T0000005333,2024-11-30 16:46:46,sF######,85000.0
T0000005334,2024-10-17 11:45:02,uW######,
T0000005335,2024-09-04 22:46:47,mU######,180000.0
T0000005336,2024-04-24 00:11:14,zw######,940000.0
T0000005337,2024-07-09 16:37:38,Jz######,
T0000005338,2024-11-29 05:17:48,af######,150000.0
T0000005339,2024-09-09 11:23:29,lU######,
T0000005340,2024-09-02 00:26:59,YZ######,350000.0
T0000005341,2024-11-18 05:03:50,cD######,
T0000005342,2024-05-07 17:03:08,tS######,
T0000005343,2024-05-31 01:28:10,se######,180000.0
T0000005344,2024-10-31 09:19:25,mb######,480000.0
T0000005345,2024-03-20 16:02:53,jj######,
T0000005346,2024-09-07 05:56:19,uV######,
T0000005347,2024-12-17 12:45:43,CU######,
T0000005348,2025-03-03 14:28:45,xD######,
T0000005349,2024-11-13 22:37:44,Dv######,210000.0
T0000005350,2024-10-24 18:41:06,Cj######,720000.0
T0000005351,2025-02-19 21:56:00,NK######,480000.0
T0000005352,2024-03-08 15:36:30,gz######,480000.0
T0000005353,2024-09-25 09:37:33,Wi######,360000.0
T0000005354,2025-03-05 09:18:57,SD######,590000.0
T0000005355,2024-03-29 08:15:36,af######,460000.0
T0000005356,2024-11-29 12:32:57,bN######,1070000.0
T0000005357,2024-08-24 01:38:52,Ic######,
T0000005358,2024-06-14 07:35:44,FA######,
T0000005359,2024-09-11 03:23:53,sY######,
T0000005360,2025-01-25 03:35:38,zP######,360000.0
T0000005361,2024-03-07 00:33:55,fW######,
T0000005362,2024-10-17 01:00:56,aJ######,240000.0
T0000005363,2024-10-30 03:38:17,Il######,
T0000005364,2024-12-15 15:25:56,lj######,630000.0
T0000005365,2024-09-14 06:42:41,lK######,255000.0
T0000005366,2024-03-07 02:23:49,rH######,
T0000005367,2024-08-10 08:37:06,wL######,200000.0
T0000005368,2024-08-04 08:11:16,JL######,420000.0
T0000005369,2025-02-22 03:25:45,hF######,170000.0
T0000005370,2024-12-07 22:16:09,EA######,580000.0
T0000005371,2025-01-29 13:58:01,wb######,630000.0
T0000005372,2024-06-17 18:23:03,NH######,170000.0
T0000005373,2024-08-13 10:42:56,dm######,480000.0
T0000005374,2024-04-21 00:59:36,Xu######,240000.0
T0000005375,2024-05-04 00:36:43,ES######,
T0000005376,2024-12-22 01:11:04,ZL######,310000.0
T0000005377,2024-11-06 09:48:14,Hf######,150000.0
T0000005378,2024-09-15 19:11:22,kO######,180000.0
T0000005379,2024-12-03 15:03:05,Sg######,200000.0
T0000005380,2024-04-17 05:15:40,Ta######,
T0000005381,2025-01-21 01:10:35,Mf######,
T0000005382,2024-06-13 01:31:39,Rj######,720000.0
T0000005383,2025-02-09 08:59:25,YZ######,170000.0
T0000005384,2024-11-29 07:28:54,jo######,170000.0
T0000005385,2024-03-28 20:37:38,GL######,
T0000005386,2024-12-28 08:33:48,vE######,
T0000005387,2025-02-08 15:23:20,mi######,425000.0
T0000005388,2024-05-31 13:29:43,VT######,
T0000005389,2024-09-12 22:18:00,QJ######,360000.0
T0000005390,2024-04-19 17:04:31,FA######,120000.0
T0000005391,2025-02-06 12:29:02,Qw######,
T0000005392,2024-03-29 12:54:30,kR######,1470000.0
T0000005393,2024-10-01 01:59:27,Lt######,85000.0
T0000005394,2024-09-05 04:21:29,Kl######,
T0000005395,2024-08-29 13:15:16,cL######,
T0000005396,2024-06-06 17:10:24,Zo######,360000.0
T0000005397,2024-08-24 16:49:04,Ud######,590000.0
T0000005398,2024-08-10 21:06:32,xJ######,820000.0
T0000005399,2024-10-31 18:57:54,Pq######,1190000.0
T0000005400,2024-04-16 00:09:43,Qz######,170000.0
T0000005401,2024-07-17 06:23:19,DX######,840000.0
T0000005402,2024-03-11 11:20:42,bR######,200000.0
T0000005403,2024-06-11 10:06:32,BW######,360000.0
T0000005404,2024-03-07 05:12:33,Lt######,255000.0
T0000005405,2024-05-08 07:54:26,dO######,
T0000005406,2024-09-12 12:12:37,ES######,180000.0
T0000005407,2024-11-01 15:23:38,Xp######,
T0000005408,2025-01-18 19:45:06,zX######,510000.0
T0000005409,2024-06-08 06:22:04,bF######,180000.0
T0000005410,2024-06-10 14:02:38,qW######,
T0000005411,2024-03-11 06:42:13,Ex######,1095000.0
T0000005412,2024-09-17 04:22:45,SM######,
T0000005413,2024-11-10 11:30:01,Xp######,85000.0
T0000005414,2024-07-17 14:58:46,WE######,210000.0
T0000005415,2024-06-19 21:23:10,wp######,565000.0
T0000005416,2024-05-31 14:53:00,bZ######,540000.0
T0000005417,2024-07-19 07:52:57,Zz######,120000.0
T0000005418,2024-05-20 18:25:31,qQ######,
T0000005419,2024-12-12 05:16:58,JQ######,570000.0
T0000005420,2025-02-03 17:46:25,nM######,
T0000005421,2025-02-08 17:09:49,jz######,
T0000005422,2024-10-16 18:25:50,Wt######,
T0000005423,2024-04-03 15:44:14,DS######,135000.0
T0000005424,2024-09-25 09:41:04,Xk######,630000.0
T0000005425,2024-04-24 21:53:17,GK######,50000.0
T0000005426,2024-05-21 05:53:16,Jp######,
T0000005427,2025-01-01 19:47:41,VT######,280000.0
T0000005428,2025-02-09 06:50:49,HA######,
T0000005429,2024-12-29 23:00:01,pQ######,340000.0
T0000005430,2024-07-12 15:08:13,rg######,255000.0
T0000005431,2024-08-13 21:09:36,Bi######,
T0000005432,2024-09-22 10:28:25,VL######,360000.0
T0000005433,2024-11-05 02:48:16,Wm######,
T0000005434,2024-08-10 09:04:06,cq######,
T0000005435,2025-02-13 18:16:39,LE######,250000.0
T0000005436,2024-08-18 06:02:31,HX######,240000.0
T0000005437,2024-04-30 09:44:00,ez######,480000.0
T0000005438,2025-02-18 12:05:07,QG######,
T0000005439,2024-09-06 12:05:40,Tu######,180000.0
T0000005440,2024-09-26 03:47:15,XE######,420000.0
T0000005441,2025-01-30 21:54:09,ES######,540000.0
T0000005442,2025-01-02 07:08:58,xe######,180000.0
T0000005443,2024-11-18 20:16:46,Nx######,50000.0
T0000005444,2024-06-01 08:48:19,xZ######,720000.0
T0000005445,2024-08-23 19:31:55,nR######,
T0000005446,2025-02-23 21:36:42,vF######,630000.0
T0000005447,2024-10-04 13:10:14,hb######,840000.0
T0000005448,2024-09-07 23:20:17,tb######,960000.0
T0000005449,2024-12-17 01:37:17,JX######,
T0000005450,2024-04-28 16:25:10,ue######,
T0000005451,2025-01-31 17:17:48,Vz######,480000.0
T0000005452,2024-05-03 11:37:06,AO######,380000.0
T0000005453,2024-10-26 13:30:19,xN######,100000.0
T0000005454,2024-08-01 16:40:54,tm######,630000.0
T0000005455,2024-11-07 08:34:42,Ai######,1020000.0
T0000005456,2024-10-11 15:34:03,OJ######,
T0000005457,2024-05-30 01:16:07,OA######,
T0000005458,2024-12-11 07:20:55,ht######,
T0000005459,2024-10-03 05:28:29,cL######,
T0000005460,2024-12-20 04:52:43,zk######,
T0000005461,2024-07-14 15:36:43,OO######,180000.0
T0000005462,2024-12-22 12:03:26,qR######,540000.0
T0000005463,2024-09-27 12:12:59,Ym######,360000.0
T0000005464,2024-09-20 18:11:23,SB######,
T0000005465,2024-10-29 11:51:24,mB######,
T0000005466,2024-04-16 11:30:33,ah######,840000.0
T0000005467,2024-03-21 18:49:29,MB######,590000.0
T0000005468,2025-01-22 20:19:12,Dr######,720000.0
T0000005469,2024-07-02 19:55:14,Kt######,
T0000005470,2024-10-25 03:56:53,Aj######,900000.0
T0000005471,2024-05-05 07:47:33,vd######,1260000.0
T0000005472,2024-12-30 05:09:49,nb######,120000.0
T0000005473,2024-10-25 22:48:38,NE######,580000.0
T0000005474,2024-06-15 07:09:52,kK######,
T0000005475,2024-08-17 02:21:55,mH######,720000.0
T0000005476,2024-06-19 16:22:18,mR######,840000.0
T0000005477,2024-08-24 05:57:08,Ny######,
T0000005478,2024-09-26 20:47:10,sF######,
T0000005479,2024-05-31 06:43:58,NB######,
T0000005480,2024-04-16 10:49:13,Sf######,480000.0
T0000005481,2024-10-14 10:48:30,Bi######,580000.0
T0000005482,2024-03-19 10:17:45,ld######,
T0000005483,2024-05-06 05:34:48,pz######,
T0000005484,2025-02-08 22:23:44,CS######,350000.0
T0000005485,2025-01-04 10:32:06,Rq######,
T0000005486,2024-04-19 12:54:55,Su######,
T0000005487,2024-04-16 01:31:14,jO######,455000.0
T0000005488,2024-04-18 01:31:25,My######,
T0000005489,2025-02-08 09:52:14,Lh######,
T0000005490,2025-01-07 13:26:26,Ue######,240000.0
T0000005491,2024-05-30 14:27:47,uv######,720000.0
T0000005492,2024-04-23 18:30:11,no######,405000.0
T0000005493,2024-05-06 23:54:06,ZI######,210000.0
T0000005494,2024-10-03 11:17:32,iy######,340000.0
T0000005495,2024-07-19 19:28:35,ez######,180000.0
T0000005496,2024-11-09 20:03:29,xy######,
T0000005497,2024-11-17 03:35:30,hS######,420000.0
T0000005498,2024-05-27 14:23:09,wR######,
T0000005499,2024-10-02 07:31:00,ca######,305000.0
T0000005500,2025-01-21 05:52:10,gu######,
T0000005501,2024-10-11 01:08:28,Fk######,475000.0
T0000005502,2024-03-14 01:57:37,aM######,
T0000005503,2024-10-25 07:03:00,Im######,
T0000005504,2025-03-06 20:39:23,ae######,
T0000005505,2024-05-03 03:09:57,Ph######,
T0000005506,2024-08-26 19:45:06,bi######,
T0000005507,2024-05-25 22:17:34,qf######,630000.0
T0000005508,2024-10-24 02:45:54,Qc######,
T0000005509,2024-04-15 04:33:08,tR######,
T0000005510,2024-04-04 19:27:25,rA######,180000.0
T0000005511,2024-10-21 16:06:13,oa######,180000.0
T0000005512,2025-02-22 00:34:47,to######,
T0000005513,2024-07-13 15:43:06,Xh######,
T0000005514,2024-03-27 00:23:06,Xe######,
T0000005515,2024-08-01 13:11:40,pJ######,540000.0
T0000005516,2024-11-07 02:07:28,dO######,360000.0
T0000005517,2024-03-22 00:29:09,Ty######,540000.0
T0000005518,2025-02-01 07:22:22,AR######,
T0000005519,2024-12-16 22:40:36,gM######,820000.0
T0000005520,2025-01-14 15:43:36,DF######,50000.0
T0000005521,2024-12-23 05:27:25,qQ######,630000.0
T0000005522,2024-10-03 09:26:23,bG######,460000.0
T0000005523,2025-03-04 13:57:21,kN######,290000.0
T0000005524,2024-11-17 13:58:31,Fm######,840000.0
T0000005525,2024-06-15 11:19:32,Mn######,
T0000005526,2025-03-06 03:34:30,NB######,50000.0
T0000005527,2024-10-02 18:56:35,pw######,
T0000005528,2024-09-26 11:11:45,no######,
T0000005529,2024-04-12 06:34:11,Sd######,200000.0
T0000005530,2024-06-06 02:19:00,uh######,420000.0
T0000005531,2024-07-30 04:46:54,rt######,630000.0
T0000005532,2024-03-13 10:13:10,Yl######,
T0000005533,2024-06-01 18:32:48,KM######,420000.0
T0000005534,2024-06-16 13:15:07,Vk######,210000.0
T0000005535,2025-02-16 02:11:33,pB######,360000.0
T0000005536,2025-01-13 14:38:02,MK######,180000.0
T0000005537,2024-04-20 05:10:08,vu######,
T0000005538,2024-05-21 11:02:23,fo######,170000.0
T0000005539,2024-09-11 02:35:58,In######,1900000.0
T0000005540,2024-09-20 21:35:23,fs######,540000.0
T0000005541,2024-05-04 12:05:56,Wa######,1110000.0
T0000005542,2024-04-11 15:23:09,fs######,
T0000005543,2024-11-19 18:32:32,AT######,255000.0
T0000005544,2025-02-06 03:30:40,oD######,220000.0
T0000005545,2024-07-03 02:08:40,vi######,240000.0
T0000005546,2024-10-26 15:32:31,ae######,360000.0
T0000005547,2024-03-13 16:31:39,kX######,840000.0
T0000005548,2024-05-22 15:45:36,pU######,
T0000005549,2024-04-03 08:01:50,eL######,
T0000005550,2024-07-30 14:01:43,SF######,740000.0
T0000005551,2024-07-05 04:26:30,Qw######,170000.0
T0000005552,2024-11-01 10:01:10,wW######,
T0000005553,2024-08-16 14:56:31,eK######,
T0000005554,2024-03-09 09:09:41,vM######,1200000.0
T0000005555,2024-05-20 19:07:10,IY######,955000.0
T0000005556,2024-09-23 15:47:25,Lk######,170000.0
T0000005557,2024-11-26 16:36:42,RU######,265000.0
T0000005558,2024-10-24 15:08:09,Rp######,460000.0
T0000005559,2024-09-26 05:19:48,mn######,1130000.0
T0000005560,2024-03-23 08:35:14,yn######,1160000.0
T0000005561,2025-02-16 02:24:38,LT######,170000.0
T0000005562,2024-12-15 06:16:18,Cd######,
T0000005563,2024-05-22 02:56:17,vW######,180000.0
T0000005564,2024-08-24 23:51:47,rn######,
T0000005565,2024-07-29 03:30:25,Ze######,1350000.0
T0000005566,2024-06-22 15:58:48,BA######,
T0000005567,2024-03-15 03:23:07,DD######,
T0000005568,2024-09-01 13:47:35,mj######,
T0000005569,2024-07-04 02:15:05,Rs######,
T0000005570,2024-04-14 16:59:49,GI######,
T0000005571,2024-08-25 05:48:15,In######,540000.0
T0000005572,2025-01-28 19:13:54,AJ######,
T0000005573,2024-09-21 20:16:17,Lf######,870000.0
T0000005574,2025-02-10 21:14:59,Lg######,50000.0
T0000005575,2024-11-15 03:40:32,Ej######,990000.0
T0000005576,2025-01-13 23:47:21,XE######,
T0000005577,2024-11-04 01:21:45,gk######,750000.0
T0000005578,2024-12-04 16:59:20,aQ######,340000.0
T0000005579,2025-01-09 22:33:23,Mn######,150000.0
T0000005580,2024-06-17 07:37:50,My######,800000.0
T0000005581,2024-10-26 15:36:46,yU######,
T0000005582,2024-09-27 22:52:02,qm######,120000.0
T0000005583,2024-07-24 00:12:08,wF######,255000.0
T0000005584,2024-08-05 04:53:10,Xp######,360000.0
T0000005585,2024-08-25 01:01:52,CD######,715000.0
T0000005586,2024-09-25 15:20:13,AK######,255000.0
T0000005587,2025-01-23 12:39:23,oX######,100000.0
T0000005588,2024-06-25 00:41:27,bH######,840000.0
T0000005589,2025-01-10 14:41:31,tk######,
T0000005590,2025-01-30 06:02:19,HF######,340000.0
T0000005591,2025-01-18 17:13:40,Fu######,250000.0
T0000005592,2024-08-07 21:24:21,wD######,360000.0
T0000005593,2024-09-15 12:02:44,gI######,200000.0
T0000005594,2025-03-02 01:37:08,tP######,240000.0
T0000005595,2025-01-18 03:45:05,tg######,540000.0
T0000005596,2024-09-16 10:37:08,PX######,420000.0
T0000005597,2025-02-24 02:37:03,AZ######,
T0000005598,2024-04-19 13:57:00,nj######,
T0000005599,2024-12-26 02:31:30,rP######,1350000.0
T0000005600,2024-07-28 23:54:13,qc######,
T0000005601,2024-08-12 13:01:48,jh######,360000.0
T0000005602,2024-05-10 12:31:34,ih######,170000.0
T0000005603,2024-11-02 23:23:15,lH######,170000.0
T0000005604,2025-01-18 11:22:00,lN######,680000.0
T0000005605,2024-10-30 22:07:36,st######,
T0000005606,2024-10-16 02:39:46,bb######,1260000.0
T0000005607,2024-05-11 17:06:09,ov######,800000.0
T0000005608,2024-04-20 01:13:15,To######,
T0000005609,2024-05-30 02:44:01,uZ######,990000.0
T0000005610,2025-02-05 23:25:39,aa######,
T0000005611,2024-12-14 02:59:53,lr######,920000.0
T0000005612,2024-06-20 21:06:13,LH######,
T0000005613,2024-06-21 16:25:34,bZ######,
T0000005614,2024-03-16 21:40:28,Sx######,295000.0
T0000005615,2024-11-01 11:46:49,aH######,255000.0
T0000005616,2024-10-13 01:09:49,Wp######,490000.0
T0000005617,2025-03-02 19:31:53,je######,1040000.0
T0000005618,2024-05-11 14:38:52,Ld######,630000.0
T0000005619,2024-10-20 12:33:52,wD######,
T0000005620,2024-10-12 20:20:29,gP######,
T0000005621,2025-01-03 23:33:37,Xj######,240000.0
T0000005622,2024-06-11 10:45:45,kR######,550000.0
T0000005623,2024-08-26 20:33:14,qw######,
T0000005624,2024-07-07 23:28:20,lV######,
T0000005625,2024-10-10 02:49:57,TY######,50000.0
T0000005626,2024-12-24 07:38:21,Rb######,
T0000005627,2024-05-28 07:57:43,Xr######,
T0000005628,2024-08-31 02:32:46,KP######,
T0000005629,2024-10-01 13:34:37,LA######,460000.0
T0000005630,2024-12-09 06:26:38,Jy######,
T0000005631,2024-12-17 23:18:19,lM######,720000.0
T0000005632,2024-09-27 00:24:05,BB######,510000.0
T0000005633,2025-01-18 20:20:23,bi######,480000.0
T0000005634,2024-09-05 04:10:29,mr######,
T0000005635,2024-11-27 05:00:20,yw######,185000.0
T0000005636,2024-12-11 07:48:09,Fm######,410000.0
T0000005637,2024-11-06 13:01:14,Fu######,
T0000005638,2024-11-16 02:55:41,PN######,565000.0
T0000005639,2024-03-16 12:43:51,ES######,
T0000005640,2024-10-07 21:48:37,cV######,900000.0
T0000005641,2024-09-19 09:20:11,Nx######,780000.0
T0000005642,2025-02-19 16:11:53,EH######,
T0000005643,2024-11-09 19:43:43,aD######,85000.0
T0000005644,2024-11-02 00:45:05,Qs######,690000.0
T0000005645,2024-12-19 03:12:16,bi######,340000.0
T0000005646,2025-01-03 18:10:04,wq######,360000.0
T0000005647,2024-06-21 21:12:12,CK######,100000.0
T0000005648,2024-03-07 15:17:35,Wm######,50000.0
T0000005649,2024-09-18 12:32:35,Tz######,1230000.0
T0000005650,2024-11-20 09:42:46,Zf######,200000.0
T0000005651,2025-02-05 01:00:37,lx######,
T0000005652,2024-10-28 22:50:38,vU######,1310000.0
T0000005653,2024-06-29 13:01:04,Oy######,
T0000005654,2024-09-01 05:32:06,IV######,340000.0
T0000005655,2024-08-14 21:45:52,PY######,200000.0
T0000005656,2024-12-10 04:37:33,Mn######,840000.0
T0000005657,2024-06-20 20:27:24,LE######,630000.0
T0000005658,2024-08-05 23:52:34,ay######,
T0000005659,2024-08-06 15:54:10,Rq######,
T0000005660,2024-12-13 11:54:55,EO######,375000.0
T0000005661,2024-09-15 18:48:38,By######,
T0000005662,2024-07-24 22:31:26,ZL######,495000.0
T0000005663,2024-09-13 18:58:19,VX######,
T0000005664,2024-08-01 01:25:58,FA######,670000.0
T0000005665,2025-02-03 17:47:39,qc######,
T0000005666,2024-11-14 23:05:53,wQ######,455000.0
T0000005667,2024-08-17 22:59:36,ql######,
T0000005668,2024-08-14 21:48:25,Xo######,200000.0
T0000005669,2024-10-25 05:21:48,pb######,
T0000005670,2024-11-20 13:38:36,Vt######,720000.0
T0000005671,2024-10-15 22:04:28,AU######,170000.0
T0000005672,2025-02-15 12:59:21,Rs######,1635000.0
T0000005673,2024-10-13 12:07:06,ED######,540000.0
T0000005674,2024-12-12 02:06:25,Jp######,890000.0
T0000005675,2024-07-30 19:29:41,Qf######,240000.0
T0000005676,2024-09-09 19:56:43,qV######,240000.0
T0000005677,2025-02-05 05:21:54,xB######,100000.0
T0000005678,2024-04-13 12:16:04,va######,85000.0
T0000005679,2024-07-29 23:05:38,PJ######,890000.0
T0000005680,2024-06-13 22:35:07,sR######,720000.0
T0000005681,2024-09-17 04:46:52,OX######,100000.0
T0000005682,2024-09-28 21:19:13,dW######,890000.0
T0000005683,2024-08-17 20:56:40,QI######,240000.0
T0000005684,2024-08-02 15:58:40,vE######,250000.0
T0000005685,2024-04-20 10:05:11,Eq######,120000.0
T0000005686,2025-02-04 04:09:00,in######,
T0000005687,2025-02-10 05:36:19,CF######,255000.0
T0000005688,2024-09-29 23:31:59,Dh######,1130000.0
T0000005689,2024-12-26 02:57:24,FD######,
T0000005690,2024-03-10 00:47:11,bU######,840000.0
T0000005691,2024-05-15 06:12:50,nS######,530000.0
T0000005692,2024-11-16 07:34:00,lN######,975000.0
T0000005693,2024-09-27 18:08:09,gY######,
T0000005694,2024-10-19 05:42:01,px######,1470000.0
T0000005695,2024-11-13 23:20:42,bO######,200000.0
T0000005696,2024-10-05 08:39:43,aJ######,420000.0
T0000005697,2024-12-17 19:33:34,iI######,200000.0
T0000005698,2025-02-17 20:19:33,yW######,945000.0
T0000005699,2024-11-01 06:49:55,GK######,
T0000005700,2025-03-03 00:45:11,Bu######,1085000.0
T0000005701,2024-06-21 14:39:11,wO######,
T0000005702,2024-10-07 03:00:07,RD######,210000.0
T0000005703,2024-08-18 10:46:10,Xp######,690000.0
T0000005704,2024-06-08 19:25:34,qn######,360000.0
T0000005705,2025-01-06 09:24:18,jj######,635000.0
T0000005706,2024-10-26 18:33:13,JX######,
T0000005707,2024-09-04 04:14:36,wb######,
T0000005708,2024-05-31 03:11:05,LN######,1140000.0
T0000005709,2024-09-10 11:28:16,ns######,340000.0
T0000005710,2024-04-22 00:10:58,ah######,370000.0
T0000005711,2024-05-22 00:29:37,KP######,
T0000005712,2024-10-08 21:43:08,te######,340000.0
T0000005713,2024-10-31 09:36:44,xe######,
T0000005714,2024-07-27 17:39:23,vX######,
T0000005715,2024-05-06 04:54:02,yp######,
T0000005716,2024-08-14 00:45:36,ij######,840000.0
T0000005717,2024-11-01 18:16:08,wb######,
T0000005718,2025-01-24 16:08:14,ud######,85000.0
T0000005719,2024-06-04 07:36:47,yn######,
T0000005720,2025-01-12 21:22:44,Wv######,665000.0
T0000005721,2024-10-02 14:45:57,Ms######,205000.0
T0000005722,2024-08-02 02:09:24,id######,
T0000005723,2024-12-21 15:03:45,xp######,200000.0
T0000005724,2024-11-30 10:21:37,wV######,1260000.0
T0000005725,2024-10-15 11:50:59,TQ######,
T0000005726,2024-11-08 17:27:33,jJ######,
T0000005727,2024-09-16 17:18:14,lh######,85000.0
T0000005728,2024-12-08 11:35:28,Kt######,820000.0
T0000005729,2025-01-17 01:51:47,Ol######,85000.0
T0000005730,2024-12-09 18:34:12,qH######,255000.0
T0000005731,2024-07-26 22:41:22,rt######,710000.0
T0000005732,2024-08-13 14:24:13,DX######,
T0000005733,2024-10-13 21:24:31,rh######,720000.0
T0000005734,2024-10-21 05:31:26,bG######,750000.0
T0000005735,2024-08-03 15:27:23,os######,100000.0
T0000005736,2024-06-18 10:52:07,uf######,330000.0
T0000005737,2025-02-20 09:25:21,hP######,340000.0
T0000005738,2024-06-28 03:08:21,pQ######,180000.0
T0000005739,2024-03-13 20:44:06,RQ######,960000.0
T0000005740,2024-12-02 02:56:00,ne######,845000.0
T0000005741,2024-10-28 16:43:24,mh######,85000.0
T0000005742,2025-01-01 22:32:34,Yu######,840000.0
T0000005743,2024-03-13 08:49:32,zq######,
T0000005744,2025-02-18 13:57:44,Pj######,540000.0
T0000005745,2024-12-05 17:15:28,Rt######,840000.0
T0000005746,2025-02-02 03:30:06,gC######,
T0000005747,2024-08-07 06:39:01,vE######,150000.0
T0000005748,2024-12-30 02:06:13,zN######,
T0000005749,2024-06-29 21:33:16,Lg######,
T0000005750,2024-10-01 09:27:22,yU######,150000.0
T0000005751,2024-07-10 08:21:24,Ed######,
T0000005752,2024-05-17 03:25:04,wU######,975000.0
T0000005753,2025-03-03 15:35:40,VZ######,540000.0
T0000005754,2024-04-16 06:39:13,Mf######,
T0000005755,2024-06-28 17:53:50,fo######,1640000.0
T0000005756,2024-09-18 02:19:39,lY######,1310000.0
T0000005757,2024-06-15 11:24:17,ZI######,
T0000005758,2025-01-29 06:19:26,UQ######,
T0000005759,2024-10-31 14:34:11,Sp######,540000.0
T0000005760,2024-06-30 17:11:39,sR######,50000.0
T0000005761,2024-03-23 00:57:57,DS######,240000.0
T0000005762,2024-05-09 02:49:06,FV######,
T0000005763,2024-04-24 06:30:55,dL######,
T0000005764,2024-08-22 01:52:08,bY######,170000.0
T0000005765,2024-05-04 08:01:33,bH######,420000.0
T0000005766,2024-10-14 01:31:09,UH######,
T0000005767,2024-04-08 02:50:18,mm######,
T0000005768,2025-02-15 14:45:51,xw######,1180000.0
T0000005769,2024-07-14 10:10:40,uC######,720000.0
T0000005770,2024-12-31 04:38:23,Tj######,480000.0
T0000005771,2024-06-16 10:38:51,SZ######,360000.0
T0000005772,2024-06-07 21:47:22,iy######,340000.0
T0000005773,2024-04-11 13:51:54,AB######,1260000.0
T0000005774,2024-04-05 09:51:25,vm######,
T0000005775,2024-11-12 04:05:11,ge######,870000.0
T0000005776,2024-09-29 07:00:43,Vk######,360000.0
T0000005777,2025-03-03 01:51:42,Fz######,360000.0
T0000005778,2024-08-13 07:12:59,vu######,150000.0
T0000005779,2025-02-14 08:42:49,Pf######,
T0000005780,2024-08-08 20:01:21,fy######,210000.0
T0000005781,2024-08-31 03:13:08,pG######,200000.0
T0000005782,2024-04-04 05:19:03,vW######,380000.0
T0000005783,2024-05-08 02:30:08,eP######,255000.0
T0000005784,2025-02-04 05:53:58,Gi######,
T0000005785,2024-11-16 21:23:51,Ce######,210000.0
T0000005786,2024-10-29 04:21:02,Za######,
T0000005787,2025-01-02 07:29:08,PU######,240000.0
T0000005788,2024-10-09 08:40:44,yN######,
T0000005789,2024-10-14 13:32:09,CK######,50000.0
T0000005790,2024-11-28 07:06:42,kT######,880000.0
T0000005791,2024-06-10 17:34:24,hb######,600000.0
T0000005792,2024-05-10 03:42:08,jX######,
T0000005793,2025-01-18 23:58:19,gX######,
T0000005794,2025-01-15 14:11:43,cd######,290000.0
T0000005795,2024-03-25 04:59:41,Ej######,50000.0
T0000005796,2024-07-26 14:21:40,kT######,1260000.0
T0000005797,2025-02-04 07:06:27,Nh######,360000.0
T0000005798,2025-02-05 11:01:19,bS######,
T0000005799,2024-10-21 11:25:46,wp######,325000.0
T0000005800,2024-08-07 07:04:23,gY######,
T0000005801,2024-09-17 20:39:58,sR######,950000.0
T0000005802,2024-10-16 04:19:33,zk######,50000.0
T0000005803,2024-11-15 07:13:03,Qm######,
T0000005804,2024-08-21 06:49:55,kR######,
T0000005805,2024-09-29 05:53:50,mI######,
T0000005806,2025-01-24 16:31:38,BY######,1980000.0
T0000005807,2024-09-25 13:53:23,Op######,
T0000005808,2025-01-14 13:08:47,Eh######,
T0000005809,2024-08-09 19:59:47,Pq######,
T0000005810,2024-07-26 00:15:25,vH######,100000.0
T0000005811,2024-06-18 13:03:34,vM######,180000.0
T0000005812,2024-05-01 06:30:23,An######,320000.0
T0000005813,2024-11-18 18:40:30,hl######,240000.0
T0000005814,2024-04-06 12:02:03,Gr######,
T0000005815,2024-07-09 23:13:41,Gv######,
T0000005816,2024-12-21 19:53:30,ZE######,150000.0
T0000005817,2024-04-08 20:00:56,lY######,540000.0
T0000005818,2024-10-03 00:03:45,Fz######,410000.0
T0000005819,2025-02-17 01:58:49,Mx######,120000.0
T0000005820,2024-10-22 09:08:14,qt######,840000.0
T0000005821,2024-08-29 10:45:21,rj######,420000.0
T0000005822,2025-02-11 15:28:26,yw######,255000.0
T0000005823,2024-08-28 05:59:10,TP######,360000.0
T0000005824,2024-06-06 06:08:39,Qq######,325000.0
T0000005825,2024-05-24 05:32:01,BP######,795000.0
T0000005826,2024-10-02 10:23:37,WK######,
T0000005827,2025-01-04 20:19:58,bF######,470000.0
T0000005828,2024-07-31 05:22:46,jL######,210000.0
T0000005829,2024-08-13 11:01:09,yj######,790000.0
T0000005830,2025-01-20 01:54:22,Bu######,210000.0
T0000005831,2024-11-05 05:24:11,jM######,
T0000005832,2025-02-24 11:47:04,iY######,590000.0
T0000005833,2024-08-12 18:44:47,Cd######,340000.0
T0000005834,2024-07-01 01:08:21,Nc######,480000.0
T0000005835,2024-04-11 19:54:08,Df######,255000.0
T0000005836,2024-11-24 03:10:26,hA######,
T0000005837,2024-09-02 05:35:29,Pj######,750000.0
T0000005838,2024-04-03 13:42:38,Fm######,
T0000005839,2024-07-21 14:26:52,KF######,340000.0
T0000005840,2024-11-21 22:57:07,gy######,420000.0
T0000005841,2024-12-31 18:35:08,Tg######,120000.0
T0000005842,2024-03-17 12:34:06,GK######,630000.0
T0000005843,2024-07-10 06:10:54,CJ######,
T0000005844,2024-06-04 10:38:25,qt######,360000.0
T0000005845,2024-12-17 14:06:08,YZ######,770000.0
T0000005846,2025-01-26 20:29:35,Pt######,120000.0
T0000005847,2024-11-08 15:22:24,ld######,
T0000005848,2024-12-29 06:15:23,mO######,
T0000005849,2024-06-11 20:59:34,qM######,
T0000005850,2024-12-01 16:29:50,YP######,
T0000005851,2025-02-20 20:45:39,sZ######,630000.0
T0000005852,2024-05-14 15:07:04,Tg######,170000.0
T0000005853,2024-12-28 07:58:52,Xo######,120000.0
T0000005854,2024-05-09 10:32:35,Ap######,240000.0
T0000005855,2024-06-08 23:37:02,JL######,
T0000005856,2024-03-07 23:42:18,UM######,
T0000005857,2024-11-17 20:54:28,gr######,
T0000005858,2025-02-23 17:15:50,Dh######,
T0000005859,2024-06-24 00:45:32,Yr######,240000.0
T0000005860,2025-02-07 05:53:20,AT######,
T0000005861,2024-10-26 11:12:28,qo######,
T0000005862,2024-09-10 02:36:31,IN######,
T0000005863,2024-08-11 17:42:25,Wv######,
T0000005864,2024-07-03 13:58:14,ZI######,
T0000005865,2024-08-26 10:13:16,Aj######,720000.0
T0000005866,2024-09-30 00:16:05,dt######,
T0000005867,2024-10-06 12:48:41,Cl######,540000.0
T0000005868,2024-11-22 18:37:41,DN######,450000.0
T0000005869,2024-03-11 07:51:47,mr######,
T0000005870,2024-03-23 02:29:11,Mn######,
T0000005871,2024-12-21 10:02:55,Rp######,
T0000005872,2025-02-06 01:27:37,yz######,255000.0
T0000005873,2024-10-20 01:29:24,VG######,1100000.0
T0000005874,2025-02-06 08:52:12,oD######,50000.0
T0000005875,2024-07-15 00:24:27,gw######,680000.0
T0000005876,2024-06-07 01:46:59,Jt######,200000.0
T0000005877,2025-01-25 16:06:21,rS######,840000.0
T0000005878,2024-07-13 23:26:40,gp######,
T0000005879,2024-06-04 16:58:26,ht######,
T0000005880,2024-03-19 16:27:42,FB######,50000.0
T0000005881,2024-09-13 09:49:30,AJ######,
T0000005882,2024-07-26 19:18:09,fl######,120000.0
T0000005883,2024-05-21 08:42:00,ed######,
T0000005884,2024-11-15 09:21:45,QS######,
T0000005885,2024-12-23 00:58:05,CR######,210000.0
T0000005886,2024-11-14 06:35:37,ne######,1200000.0
T0000005887,2024-08-23 10:01:01,yV######,
T0000005888,2024-03-27 03:46:56,yw######,720000.0
T0000005889,2024-08-28 21:55:17,Nt######,
T0000005890,2024-05-23 06:39:32,PV######,360000.0
T0000005891,2024-11-23 06:37:50,ei######,
T0000005892,2024-04-19 09:01:50,nc######,720000.0
T0000005893,2024-04-02 13:15:02,ah######,
T0000005894,2024-04-15 14:09:03,dT######,570000.0
T0000005895,2024-04-21 00:38:01,gI######,
T0000005896,2024-07-09 19:42:26,Yl######,840000.0
T0000005897,2024-06-09 17:12:48,Ue######,795000.0
T0000005898,2025-02-25 20:58:47,dt######,200000.0
T0000005899,2024-03-18 20:44:39,sf######,100000.0
T0000005900,2024-11-18 15:34:49,kj######,
T0000005901,2024-08-17 06:46:42,aM######,600000.0
T0000005902,2024-07-04 02:46:53,Rx######,820000.0
T0000005903,2025-02-19 09:49:10,Nt######,
T0000005904,2024-05-17 03:32:40,MS######,510000.0
T0000005905,2024-07-29 15:28:16,mr######,
T0000005906,2025-02-22 14:24:57,UT######,660000.0
T0000005907,2024-09-01 07:52:32,Lg######,
T0000005908,2024-05-27 06:04:29,aJ######,
T0000005909,2024-08-31 07:33:33,Ud######,50000.0
T0000005910,2024-10-01 06:57:10,jU######,100000.0
T0000005911,2025-02-09 11:13:21,CD######,240000.0
T0000005912,2024-09-18 08:53:38,PJ######,370000.0
T0000005913,2025-02-15 16:07:18,dm######,720000.0
T0000005914,2024-06-22 02:07:00,NB######,960000.0
T0000005915,2024-08-31 07:18:54,wF######,
T0000005916,2025-01-17 07:49:25,GR######,240000.0
T0000005917,2024-10-14 09:38:31,CQ######,520000.0
T0000005918,2024-12-24 14:45:19,EA######,400000.0
T0000005919,2024-06-26 01:29:23,Wp######,
T0000005920,2024-09-29 06:50:48,Im######,445000.0
T0000005921,2024-08-26 06:37:02,Bj######,
T0000005922,2025-01-25 00:21:45,lt######,360000.0
T0000005923,2024-05-27 03:47:20,Io######,
T0000005924,2024-06-07 23:53:32,uV######,50000.0
T0000005925,2024-03-07 16:02:06,Rv######,180000.0
T0000005926,2024-08-30 00:26:08,Vk######,
T0000005927,2024-03-10 02:41:49,sl######,
T0000005928,2024-06-15 03:57:42,Jy######,100000.0
T0000005929,2024-08-08 02:29:33,Lk######,720000.0
T0000005930,2024-06-21 01:48:58,ax######,720000.0
T0000005931,2024-08-07 02:19:46,ge######,565000.0
T0000005932,2024-04-18 16:04:38,cH######,210000.0
T0000005933,2024-09-03 04:50:05,Sm######,
T0000005934,2024-12-27 04:46:12,Nt######,180000.0
T0000005935,2024-11-25 10:18:52,rh######,810000.0
T0000005936,2024-10-19 23:03:32,QI######,
T0000005937,2024-08-15 19:34:39,RV######,
T0000005938,2024-07-23 11:44:59,Ad######,1825000.0
T0000005939,2024-12-04 17:19:30,kB######,85000.0
T0000005940,2024-10-28 13:44:39,FE######,100000.0
T0000005941,2024-07-09 22:46:05,jR######,
T0000005942,2024-05-15 12:28:14,VT######,
T0000005943,2024-03-18 18:14:50,MS######,240000.0
T0000005944,2025-01-17 17:10:24,yw######,1010000.0
T0000005945,2024-03-11 18:24:46,yc######,
T0000005946,2024-09-09 08:13:08,NF######,210000.0
T0000005947,2024-07-22 17:51:30,yw######,550000.0
T0000005948,2024-08-02 04:25:56,HF######,
T0000005949,2025-02-13 11:52:26,Hu######,150000.0
T0000005950,2024-06-01 08:17:12,HA######,510000.0
T0000005951,2024-05-26 23:01:01,Eb######,170000.0
T0000005952,2024-09-16 23:25:52,ax######,
T0000005953,2024-07-10 04:18:32,RV######,360000.0
T0000005954,2024-06-20 12:27:22,nC######,
T0000005955,2024-08-07 03:42:06,pE######,530000.0
T0000005956,2024-04-18 12:39:15,wD######,1045000.0
T0000005957,2024-07-18 02:14:53,zq######,480000.0
T0000005958,2025-02-26 12:28:53,OZ######,580000.0
T0000005959,2024-04-05 18:57:24,Gr######,200000.0
T0000005960,2024-06-24 13:40:24,pG######,
T0000005961,2024-04-07 02:21:39,Gr######,180000.0
T0000005962,2024-09-15 23:49:26,ah######,360000.0
T0000005963,2024-03-10 16:44:08,ca######,
T0000005964,2024-12-03 11:22:39,gd######,50000.0
T0000005965,2024-09-10 03:52:51,hp######,235000.0
T0000005966,2024-06-06 09:53:12,AZ######,1180000.0
T0000005967,2024-08-12 19:59:17,rA######,150000.0
T0000005968,2025-02-07 18:19:40,Ed######,1740000.0
T0000005969,2024-05-09 12:26:29,Nc######,1560000.0
T0000005970,2024-09-27 20:03:40,PJ######,630000.0
T0000005971,2024-03-13 06:53:06,MB######,
T0000005972,2024-07-05 18:30:57,GK######,440000.0
T0000005973,2024-07-31 15:19:28,nz######,
T0000005974,2024-06-30 03:10:52,NE######,1280000.0
T0000005975,2024-03-31 11:29:30,Nh######,50000.0
T0000005976,2024-10-14 02:34:30,fN######,440000.0
T0000005977,2024-05-08 22:05:24,PY######,1680000.0
T0000005978,2024-12-12 07:02:48,vM######,640000.0
T0000005979,2024-10-05 11:03:12,xp######,
T0000005980,2024-07-26 17:53:11,Tl######,150000.0
T0000005981,2025-01-29 05:51:28,Sp######,
T0000005982,2024-05-18 16:58:49,Lf######,100000.0
T0000005983,2025-01-03 02:23:57,cg######,170000.0
T0000005984,2024-11-08 17:47:41,dc######,200000.0
T0000005985,2024-05-28 23:34:14,rb######,420000.0
T0000005986,2024-04-17 15:31:35,Cn######,900000.0
T0000005987,2025-01-10 11:06:06,Ao######,460000.0
T0000005988,2024-08-06 23:04:24,Rj######,1600000.0
T0000005989,2024-07-27 23:52:42,vQ######,1010000.0
T0000005990,2025-01-21 10:37:21,CU######,340000.0
T0000005991,2025-01-07 00:21:55,Ej######,720000.0
T0000005992,2024-07-03 16:52:00,Xp######,840000.0
T0000005993,2024-04-27 14:33:32,Xo######,310000.0
T0000005994,2024-10-07 02:18:30,lT######,150000.0
T0000005995,2024-04-25 12:54:52,yA######,
T0000005996,2024-04-29 11:59:46,kN######,
T0000005997,2024-10-09 11:02:59,RU######,360000.0
T0000005998,2024-12-14 11:00:35,Tj######,
T0000005999,2024-06-21 16:56:15,hj######,
T0000006000,2024-04-05 23:08:24,dX######,120000.0
T0000006001,2024-06-08 03:47:36,uW######,450000.0
T0000006002,2024-03-06 23:41:37,pH######,
T0000006003,2024-07-12 14:26:32,mm######,85000.0
T0000006004,2025-02-27 02:39:38,xD######,780000.0
T0000006005,2024-12-23 11:11:48,aO######,180000.0
T0000006006,2024-03-16 15:34:01,pG######,420000.0
T0000006007,2024-09-19 14:39:58,PN######,360000.0
T0000006008,2024-11-11 19:13:58,iQ######,50000.0
T0000006009,2024-10-16 05:08:34,Ai######,805000.0
T0000006010,2025-02-20 04:08:58,yU######,630000.0
T0000006011,2024-09-22 03:57:52,tP######,340000.0
T0000006012,2025-01-13 18:18:27,BG######,
T0000006013,2024-04-06 05:16:50,wF######,
T0000006014,2024-09-12 15:02:11,TS######,150000.0
T0000006015,2024-08-29 20:54:31,id######,
T0000006016,2024-10-25 14:25:22,se######,150000.0
T0000006017,2024-09-23 16:36:44,cI######,180000.0
T0000006018,2024-06-24 05:08:47,TH######,170000.0
T0000006019,2024-03-15 10:29:03,Ph######,
T0000006020,2025-01-22 06:25:44,Dv######,180000.0
T0000006021,2024-04-05 00:21:33,FE######,85000.0
T0000006022,2025-01-31 14:32:04,cm######,840000.0
T0000006023,2024-12-05 00:55:01,cf######,
T0000006024,2024-05-20 01:32:08,Oa######,
T0000006025,2024-12-29 20:47:47,sv######,340000.0
T0000006026,2024-09-27 16:14:27,uC######,1260000.0
T0000006027,2025-03-06 16:46:46,NF######,
T0000006028,2025-03-06 00:34:43,Dn######,630000.0
T0000006029,2024-04-15 16:36:19,FT######,
T0000006030,2025-02-22 19:37:26,jc######,390000.0
T0000006031,2024-10-25 17:30:53,CD######,600000.0
T0000006032,2024-11-23 06:07:47,jL######,590000.0
T0000006033,2024-04-22 00:27:28,FK######,85000.0
T0000006034,2024-08-16 11:54:09,HU######,735000.0
T0000006035,2024-05-27 23:56:40,zk######,380000.0
T0000006036,2025-03-05 23:53:43,HQ######,
T0000006037,2025-01-03 01:32:48,EE######,360000.0
T0000006038,2024-11-27 12:38:44,lN######,1850000.0
T0000006039,2024-06-04 02:26:22,DA######,255000.0
T0000006040,2025-01-01 23:48:11,Md######,180000.0
T0000006041,2024-04-22 03:56:47,Ct######,890000.0
T0000006042,2024-11-11 18:08:48,Gp######,
T0000006043,2024-12-25 11:36:44,NI######,
T0000006044,2024-08-20 12:02:33,aC######,620000.0
T0000006045,2024-03-10 16:58:13,dP######,
T0000006046,2025-02-01 02:49:18,lr######,210000.0
T0000006047,2025-02-12 13:00:11,Ac######,
T0000006048,2024-04-16 01:16:55,YB######,1515000.0
T0000006049,2024-12-17 05:18:34,ue######,
T0000006050,2024-10-26 11:54:12,BA######,170000.0
T0000006051,2024-10-03 18:22:31,te######,
T0000006052,2024-09-08 06:02:52,Gd######,540000.0
T0000006053,2024-03-14 07:58:09,AU######,840000.0
T0000006054,2024-05-22 13:33:57,wQ######,775000.0
T0000006055,2024-07-25 21:48:24,xf######,200000.0
T0000006056,2025-02-17 20:24:19,qH######,
T0000006057,2024-06-28 10:13:29,Gc######,820000.0
T0000006058,2024-09-08 20:47:49,nb######,135000.0
T0000006059,2024-06-28 20:12:49,Wh######,
T0000006060,2024-11-17 21:55:43,yp######,720000.0
T0000006061,2024-03-12 13:21:53,Dl######,
T0000006062,2025-02-26 14:33:55,fn######,720000.0
T0000006063,2024-05-26 22:44:05,qa######,
T0000006064,2024-03-27 00:15:20,qG######,210000.0
T0000006065,2024-11-11 04:22:39,PI######,760000.0
T0000006066,2025-01-04 00:17:52,PY######,
T0000006067,2024-11-10 19:14:58,Yi######,340000.0
T0000006068,2024-09-19 16:50:30,Jl######,590000.0
T0000006069,2024-05-12 23:45:27,Cd######,120000.0
T0000006070,2024-03-21 22:16:20,Cl######,
T0000006071,2025-02-04 10:34:13,vE######,210000.0
T0000006072,2024-08-19 18:15:33,Il######,
T0000006073,2025-02-17 12:52:11,Gr######,150000.0
T0000006074,2024-04-06 12:21:39,kR######,150000.0
T0000006075,2024-05-07 12:54:29,GC######,255000.0
T0000006076,2024-05-06 08:23:53,rC######,360000.0
T0000006077,2024-07-27 22:35:57,ti######,210000.0
T0000006078,2024-12-05 21:10:50,mI######,85000.0
T0000006079,2024-06-21 07:05:39,ds######,600000.0
T0000006080,2024-05-03 11:03:12,KF######,150000.0
T0000006081,2025-01-29 23:47:36,ay######,360000.0
T0000006082,2024-04-06 21:15:57,mi######,1080000.0
T0000006083,2024-04-07 16:58:51,KR######,480000.0
T0000006084,2024-11-23 04:31:36,gC######,
T0000006085,2025-03-02 16:19:58,Sd######,290000.0
T0000006086,2024-07-05 01:26:36,Yr######,
T0000006087,2024-10-13 02:26:20,Hj######,
T0000006088,2024-12-31 14:38:49,ns######,
T0000006089,2025-01-10 23:30:35,DF######,
T0000006090,2025-01-08 09:05:42,Zc######,
T0000006091,2024-06-06 07:45:01,gk######,
T0000006092,2024-12-01 22:39:51,Wa######,255000.0
T0000006093,2024-08-02 18:40:37,OX######,1050000.0
T0000006094,2024-10-09 22:56:31,pM######,
T0000006095,2024-12-05 12:34:45,eK######,
T0000006096,2025-01-03 20:23:56,yc######,200000.0
T0000006097,2024-09-13 09:29:03,gm######,
T0000006098,2024-08-20 08:36:35,LT######,85000.0
T0000006099,2024-11-25 17:13:12,FK######,660000.0
T0000006100,2024-03-19 23:20:23,KM######,150000.0
T0000006101,2024-05-16 12:05:22,IV######,360000.0
T0000006102,2024-06-12 16:04:05,lu######,805000.0
T0000006103,2024-04-25 04:48:26,jZ######,450000.0
T0000006104,2024-03-13 04:53:50,JX######,
T0000006105,2024-05-29 12:25:34,KM######,
T0000006106,2025-03-02 23:46:31,Ld######,50000.0
T0000006107,2024-05-01 19:15:32,Zk######,390000.0
T0000006108,2024-10-02 20:48:53,Up######,
T0000006109,2024-08-07 00:53:57,ca######,540000.0
T0000006110,2024-10-09 00:43:28,Oq######,
T0000006111,2024-08-26 19:30:48,gw######,150000.0
T0000006112,2025-02-15 05:47:12,zg######,570000.0
T0000006113,2024-09-17 15:21:34,lf######,
T0000006114,2024-10-04 09:15:27,Wm######,840000.0
T0000006115,2024-09-14 21:52:27,Wh######,50000.0
T0000006116,2024-12-19 06:23:51,up######,
T0000006117,2024-12-26 08:45:15,Ss######,240000.0
T0000006118,2024-12-02 06:43:49,Cp######,360000.0
T0000006119,2025-01-01 12:30:47,Im######,
T0000006120,2024-05-16 16:41:58,AK######,820000.0
T0000006121,2024-03-30 13:34:37,yn######,1360000.0
T0000006122,2024-06-07 21:59:26,NB######,
T0000006123,2024-07-12 15:59:19,fY######,510000.0
T0000006124,2024-12-04 05:29:38,nS######,
T0000006125,2024-08-23 05:35:32,sg######,870000.0
T0000006126,2024-05-31 04:04:25,gy######,805000.0
T0000006127,2024-07-07 16:48:32,aQ######,330000.0
T0000006128,2025-01-27 06:50:41,mU######,
T0000006129,2025-01-05 19:53:00,LT######,420000.0
T0000006130,2024-10-08 11:43:13,Jr######,480000.0
T0000006131,2024-12-05 19:52:06,fB######,555000.0
T0000006132,2024-06-24 23:43:58,in######,
T0000006133,2024-08-30 01:45:53,yi######,
T0000006134,2024-08-28 11:09:41,ql######,
T0000006135,2024-07-15 08:58:49,fF######,
T0000006136,2024-06-01 01:48:55,tP######,465000.0
T0000006137,2024-03-16 05:25:24,hl######,
T0000006138,2024-05-18 09:15:00,Gn######,840000.0
T0000006139,2025-01-22 12:59:58,qA######,
T0000006140,2024-05-14 06:38:28,sT######,
T0000006141,2024-08-28 16:43:29,Nt######,
T0000006142,2024-09-01 19:12:01,kb######,170000.0
T0000006143,2024-07-05 19:14:48,AZ######,
T0000006144,2024-08-12 23:07:34,Jl######,1610000.0
T0000006145,2024-08-29 12:18:04,gX######,
T0000006146,2025-02-15 19:04:01,Uk######,240000.0
T0000006147,2024-05-20 03:07:54,sq######,
T0000006148,2024-10-27 13:50:12,xD######,360000.0
T0000006149,2024-07-05 04:46:32,iy######,100000.0
T0000006150,2025-02-06 17:14:13,Vz######,840000.0
T0000006151,2024-10-19 07:37:40,rr######,
T0000006152,2024-09-03 12:56:12,yi######,1410000.0
T0000006153,2024-10-23 04:53:55,OV######,320000.0
T0000006154,2024-05-14 16:59:55,gw######,1060000.0
T0000006155,2024-10-04 11:30:40,cV######,
T0000006156,2024-08-25 08:13:00,rS######,200000.0
T0000006157,2024-08-15 04:44:55,rg######,940000.0
T0000006158,2024-12-07 04:30:01,vk######,370000.0
T0000006159,2024-04-04 08:16:52,tN######,1180000.0
T0000006160,2024-09-02 07:05:04,RV######,540000.0
T0000006161,2024-07-18 02:36:46,cM######,
T0000006162,2024-07-20 06:18:06,Yu######,
T0000006163,2024-04-22 14:16:20,tQ######,550000.0
T0000006164,2024-09-17 02:06:48,uI######,540000.0
T0000006165,2024-11-19 19:16:54,kK######,
T0000006166,2025-01-19 16:58:05,AR######,150000.0
T0000006167,2024-10-17 22:59:03,gm######,100000.0
T0000006168,2024-12-10 04:41:22,Kl######,
T0000006169,2025-01-20 23:12:06,pb######,310000.0
T0000006170,2024-09-07 16:25:11,sO######,900000.0
T0000006171,2024-03-17 00:43:23,rm######,200000.0
T0000006172,2025-02-19 06:18:35,vy######,720000.0
T0000006173,2024-05-06 20:13:44,OO######,
T0000006174,2024-03-23 08:20:52,uV######,
T0000006175,2024-10-21 07:04:17,Rq######,600000.0
T0000006176,2024-12-09 09:45:24,VS######,170000.0
T0000006177,2024-07-17 20:24:38,cM######,
T0000006178,2025-02-17 02:44:38,af######,
T0000006179,2024-04-21 18:08:32,Gn######,
T0000006180,2024-07-25 16:40:03,mR######,
T0000006181,2024-05-12 19:26:13,br######,
T0000006182,2024-10-20 22:51:22,Ta######,255000.0
T0000006183,2025-01-04 13:48:36,XU######,420000.0
T0000006184,2024-04-30 19:19:52,pV######,840000.0
T0000006185,2024-06-10 11:48:02,aR######,1200000.0
T0000006186,2024-11-13 13:33:02,Vo######,
T0000006187,2024-11-24 13:03:37,ae######,1060000.0
T0000006188,2024-10-21 05:35:34,qf######,420000.0
T0000006189,2024-12-03 15:17:08,QP######,
T0000006190,2024-09-06 19:55:14,Mf######,1060000.0
T0000006191,2024-08-13 13:11:53,HB######,340000.0
T0000006192,2024-08-12 07:36:29,Qs######,200000.0
T0000006193,2024-11-07 18:13:59,IK######,840000.0
T0000006194,2024-10-27 15:33:10,JJ######,
T0000006195,2024-08-08 15:13:56,iQ######,
T0000006196,2025-01-22 19:06:57,zv######,420000.0
T0000006197,2025-01-13 05:55:16,Hu######,
T0000006198,2024-07-22 02:22:54,fG######,360000.0
T0000006199,2025-03-06 12:47:33,qt######,100000.0
T0000006200,2024-11-12 20:33:26,lz######,2260000.0
T0000006201,2024-09-18 11:19:05,Nq######,
T0000006202,2024-04-20 19:36:56,qH######,210000.0
T0000006203,2025-01-11 14:01:42,wD######,480000.0
T0000006204,2024-08-30 22:08:02,ld######,840000.0
T0000006205,2024-03-27 22:13:10,fB######,
T0000006206,2024-10-09 21:11:16,Vo######,1260000.0
T0000006207,2024-08-09 07:12:45,dt######,730000.0
T0000006208,2024-06-21 14:22:24,mS######,
T0000006209,2024-08-20 13:13:37,fY######,
T0000006210,2024-12-20 00:42:02,iR######,
T0000006211,2024-08-03 09:12:05,OO######,
T0000006212,2024-07-26 11:07:51,VN######,1200000.0
T0000006213,2024-07-04 00:56:55,rC######,85000.0
T0000006214,2024-12-23 08:49:43,Jv######,180000.0
T0000006215,2024-04-24 00:32:36,Ss######,
T0000006216,2024-06-26 14:28:45,Cf######,510000.0
T0000006217,2024-11-01 11:40:33,cq######,890000.0
T0000006218,2024-11-07 13:18:03,xS######,100000.0
T0000006219,2024-11-11 02:17:22,ne######,
T0000006220,2024-09-19 00:53:45,yU######,
T0000006221,2024-08-08 02:53:41,JQ######,180000.0
T0000006222,2024-09-13 05:45:32,tF######,1560000.0
T0000006223,2024-03-28 21:59:52,Xe######,360000.0
T0000006224,2024-07-01 21:14:51,BB######,
T0000006225,2024-11-06 01:46:06,Hz######,
T0000006226,2024-08-16 18:14:58,Do######,
T0000006227,2024-12-11 09:03:45,wO######,530000.0
T0000006228,2024-05-16 08:57:34,PL######,
T0000006229,2024-03-13 10:27:11,lv######,925000.0
T0000006230,2024-04-23 19:07:59,qG######,100000.0
T0000006231,2024-03-31 22:54:26,Cf######,360000.0
T0000006232,2024-05-09 03:22:30,JQ######,120000.0
T0000006233,2024-09-17 00:48:39,Lj######,85000.0
T0000006234,2024-03-31 02:49:27,cm######,420000.0
T0000006235,2024-09-07 08:36:00,Pi######,
T0000006236,2024-11-30 06:13:32,vI######,360000.0
T0000006237,2024-08-31 00:10:09,Hj######,150000.0
T0000006238,2024-12-08 16:34:45,OA######,255000.0
T0000006239,2024-07-29 14:15:48,mE######,630000.0
T0000006240,2024-11-05 23:19:36,Jp######,1020000.0
T0000006241,2024-07-24 19:29:22,sE######,
T0000006242,2024-07-14 02:05:58,HN######,
T0000006243,2024-11-09 10:00:45,At######,180000.0
T0000006244,2024-10-20 15:25:40,jJ######,550000.0
T0000006245,2025-02-10 19:18:19,mY######,180000.0
T0000006246,2024-04-30 14:14:35,Ld######,
T0000006247,2024-11-21 20:23:39,mO######,680000.0
T0000006248,2024-11-10 08:44:38,CN######,630000.0
T0000006249,2025-02-16 01:11:19,bG######,830000.0
T0000006250,2024-07-23 18:50:48,TY######,185000.0
T0000006251,2024-11-22 06:33:23,Fz######,
T0000006252,2024-05-08 03:45:42,aJ######,990000.0
T0000006253,2025-02-20 02:50:54,Fl######,
T0000006254,2024-03-06 23:55:34,ii######,
T0000006255,2024-05-21 07:46:46,VP######,100000.0
T0000006256,2025-02-06 02:38:02,IZ######,930000.0
T0000006257,2024-10-24 19:03:30,RP######,120000.0
T0000006258,2024-06-17 12:12:38,gW######,255000.0
T0000006259,2024-08-13 10:32:52,Om######,
T0000006260,2024-06-03 12:03:39,Nz######,360000.0
T0000006261,2024-03-10 22:18:36,SM######,540000.0
T0000006262,2024-11-03 06:04:05,iR######,
T0000006263,2024-12-06 01:45:28,YP######,
T0000006264,2024-05-13 19:23:04,ig######,540000.0
T0000006265,2024-10-14 15:47:43,CK######,1255000.0
T0000006266,2025-01-07 20:56:09,AB######,
T0000006267,2024-04-21 17:05:06,CX######,
T0000006268,2024-07-08 13:46:25,YY######,100000.0
T0000006269,2024-09-12 15:39:11,eK######,1095000.0
T0000006270,2025-02-22 00:06:24,fa######,440000.0
T0000006271,2024-11-05 23:52:22,Em######,
T0000006272,2024-09-01 19:20:02,Sm######,
T0000006273,2024-10-19 00:01:30,sE######,590000.0
T0000006274,2025-01-22 23:41:15,WE######,170000.0
T0000006275,2024-12-27 05:57:05,wL######,120000.0
T0000006276,2024-05-05 17:53:25,js######,700000.0
T0000006277,2024-06-27 08:36:55,TN######,840000.0
T0000006278,2024-07-03 15:42:13,BK######,540000.0
T0000006279,2024-09-20 14:14:14,Ur######,
T0000006280,2024-08-09 17:37:12,vQ######,
T0000006281,2024-08-17 13:27:14,YC######,480000.0
T0000006282,2024-10-03 12:59:05,SK######,360000.0
T0000006283,2025-01-04 01:27:03,ub######,490000.0
T0000006284,2025-01-21 23:42:31,Ej######,360000.0
T0000006285,2024-04-20 01:23:03,Xu######,
T0000006286,2024-08-22 14:43:07,gu######,
T0000006287,2025-01-04 10:30:39,xD######,50000.0
T0000006288,2024-06-04 23:14:14,vM######,
T0000006289,2025-01-24 17:13:19,aY######,100000.0
T0000006290,2024-12-17 23:55:04,vk######,360000.0
T0000006291,2024-07-11 10:42:05,VZ######,
T0000006292,2024-04-24 21:07:09,Wv######,480000.0
T0000006293,2024-03-30 13:40:54,bS######,455000.0
T0000006294,2024-11-23 12:48:55,JI######,
T0000006295,2024-11-24 01:30:06,AI######,
T0000006296,2024-04-14 00:32:14,GC######,
T0000006297,2024-05-17 16:22:28,Ov######,680000.0
T0000006298,2025-01-31 02:04:17,ok######,85000.0
T0000006299,2024-07-22 16:39:57,uv######,
T0000006300,2025-03-04 04:48:39,Xr######,265000.0
T0000006301,2024-10-11 07:33:43,jJ######,540000.0
T0000006302,2024-12-28 02:22:14,Ad######,600000.0
T0000006303,2024-10-13 01:04:23,Tu######,
T0000006304,2024-03-24 20:58:50,pr######,85000.0
T0000006305,2024-05-26 07:30:18,My######,660000.0
T0000006306,2024-07-01 17:55:35,FD######,
T0000006307,2024-07-30 23:10:47,oi######,
T0000006308,2024-04-10 06:30:12,mg######,750000.0
T0000006309,2024-06-26 16:25:49,Ib######,
T0000006310,2024-10-04 15:23:07,UM######,1050000.0
T0000006311,2025-01-25 05:44:16,st######,
T0000006312,2024-07-29 04:38:50,dp######,840000.0
T0000006313,2024-11-19 15:57:29,Em######,240000.0
T0000006314,2024-12-25 13:54:12,Yu######,480000.0
T0000006315,2025-01-07 20:28:31,SH######,
T0000006316,2024-03-14 00:18:11,wi######,
T0000006317,2024-05-05 11:13:47,Cp######,
T0000006318,2024-11-09 17:30:48,Cd######,170000.0
T0000006319,2024-03-22 14:40:15,BY######,520000.0
T0000006320,2025-02-19 21:02:42,ud######,
T0000006321,2024-10-05 18:22:53,Ik######,50000.0
T0000006322,2024-12-21 23:54:49,To######,510000.0
T0000006323,2025-02-10 13:55:49,Ad######,
T0000006324,2024-09-19 08:23:42,Ef######,600000.0
T0000006325,2024-03-20 01:35:54,Kl######,
T0000006326,2025-03-03 19:10:54,Ej######,150000.0
T0000006327,2025-01-31 00:39:53,xd######,185000.0
T0000006328,2024-10-01 02:07:10,Hm######,
T0000006329,2024-06-26 15:43:51,Vi######,
T0000006330,2024-08-27 09:21:46,lM######,255000.0
T0000006331,2024-09-15 07:07:56,qH######,180000.0
T0000006332,2024-11-23 09:03:25,JW######,
T0000006333,2025-02-23 23:33:27,NI######,720000.0
T0000006334,2024-08-09 16:49:29,to######,210000.0
T0000006335,2024-11-22 02:18:43,XU######,
T0000006336,2024-11-27 09:17:42,Vm######,
T0000006337,2025-01-14 16:25:55,yw######,360000.0
T0000006338,2024-06-29 19:02:15,LX######,900000.0
T0000006339,2024-05-17 14:59:22,jR######,210000.0
T0000006340,2024-10-28 18:49:12,MS######,540000.0
T0000006341,2024-12-09 19:05:04,uf######,
T0000006342,2024-03-18 02:48:11,CU######,
T0000006343,2024-09-08 15:39:33,Bt######,650000.0
T0000006344,2024-09-30 23:31:06,zC######,
T0000006345,2024-11-02 20:26:28,zE######,
T0000006346,2024-04-09 12:19:06,Yd######,150000.0
T0000006347,2024-07-15 14:39:15,tS######,1050000.0
T0000006348,2025-03-03 18:51:08,to######,210000.0
T0000006349,2024-07-14 10:40:16,ah######,200000.0
T0000006350,2024-09-07 21:52:33,yF######,
T0000006351,2024-07-18 11:48:52,ht######,50000.0
T0000006352,2024-03-31 17:56:43,Rq######,
T0000006353,2025-02-20 06:27:33,aT######,630000.0
T0000006354,2024-04-28 21:07:03,YN######,350000.0
T0000006355,2024-05-15 01:17:39,SC######,85000.0
T0000006356,2024-04-02 23:20:05,bo######,
T0000006357,2025-02-22 04:14:24,dt######,1170000.0
T0000006358,2024-10-25 04:24:56,dz######,100000.0
T0000006359,2024-03-27 14:00:34,Su######,340000.0
T0000006360,2024-04-23 09:56:54,vM######,1260000.0
T0000006361,2025-03-05 10:22:21,cH######,200000.0
T0000006362,2024-10-27 03:37:30,Fl######,1140000.0
T0000006363,2024-08-27 11:21:09,Nq######,120000.0
T0000006364,2024-04-19 13:07:59,LM######,600000.0
T0000006365,2024-07-23 20:01:55,pV######,
T0000006366,2024-06-25 09:10:03,wC######,
T0000006367,2024-10-26 20:03:10,GM######,255000.0
T0000006368,2024-09-09 06:00:56,VN######,720000.0
T0000006369,2024-06-19 12:18:42,Vo######,
T0000006370,2024-07-15 10:09:04,Xh######,255000.0
T0000006371,2024-04-17 18:25:22,lZ######,100000.0
T0000006372,2025-02-10 15:53:40,zR######,50000.0
T0000006373,2024-08-29 09:12:03,YF######,
T0000006374,2024-09-03 00:03:20,mO######,
T0000006375,2024-03-24 23:47:59,hJ######,450000.0
T0000006376,2025-01-06 21:38:31,tQ######,85000.0
T0000006377,2024-04-08 19:56:08,JI######,170000.0
T0000006378,2024-04-08 19:25:00,wC######,735000.0
T0000006379,2024-10-09 02:55:01,Eh######,255000.0
T0000006380,2024-07-14 13:29:52,dT######,530000.0
T0000006381,2024-09-09 03:38:35,pa######,
T0000006382,2024-07-26 05:53:38,Nx######,1705000.0
T0000006383,2024-04-30 15:51:24,kj######,255000.0
T0000006384,2024-11-12 03:41:56,ql######,360000.0
T0000006385,2024-03-13 13:51:54,jX######,
T0000006386,2024-04-11 16:28:01,lj######,460000.0
T0000006387,2024-08-23 01:32:36,wW######,240000.0
T0000006388,2024-12-10 01:27:59,By######,
T0000006389,2024-07-04 13:44:52,QQ######,170000.0
T0000006390,2024-10-21 13:22:30,cB######,170000.0
T0000006391,2024-07-17 05:55:33,gf######,925000.0
T0000006392,2024-08-28 18:06:51,zc######,
T0000006393,2024-03-17 04:47:43,Oy######,180000.0
T0000006394,2024-05-28 11:43:42,Tj######,
T0000006395,2024-06-02 00:47:59,iT######,
T0000006396,2025-02-28 13:27:57,aC######,420000.0
T0000006397,2024-04-15 18:59:05,ab######,
T0000006398,2024-12-19 04:45:26,lr######,615000.0
T0000006399,2025-01-04 22:26:10,HQ######,840000.0
T0000006400,2024-06-01 05:59:16,Uk######,720000.0
T0000006401,2024-06-11 04:55:46,VK######,1510000.0
T0000006402,2025-02-17 08:39:59,uI######,
T0000006403,2024-10-26 05:03:40,yn######,1140000.0
T0000006404,2024-07-14 09:48:37,jR######,360000.0
T0000006405,2024-12-18 04:31:29,qV######,50000.0
T0000006406,2024-05-09 05:56:09,Lg######,
T0000006407,2024-03-08 11:12:56,IF######,240000.0
T0000006408,2024-07-09 03:18:12,JI######,470000.0
T0000006409,2024-04-15 10:23:29,vQ######,1590000.0
T0000006410,2025-02-16 00:36:30,Sf######,
T0000006411,2025-02-20 01:24:32,Lj######,330000.0
T0000006412,2024-03-16 06:42:32,UQ######,180000.0
T0000006413,2024-05-28 18:26:24,Fz######,1180000.0
T0000006414,2024-12-12 16:18:22,Ty######,1225000.0
T0000006415,2024-12-03 23:37:27,dl######,
T0000006416,2024-06-25 07:05:07,TH######,840000.0
T0000006417,2024-06-22 23:19:15,EM######,
T0000006418,2024-12-18 00:13:43,YF######,420000.0
T0000006419,2024-05-19 02:01:48,GE######,
T0000006420,2025-02-12 05:04:44,Cj######,
T0000006421,2024-12-16 23:31:51,ht######,
T0000006422,2025-02-14 16:47:18,bR######,
T0000006423,2024-09-19 12:12:41,TW######,240000.0
T0000006424,2024-10-01 22:22:06,HA######,
T0000006425,2024-10-20 18:22:24,db######,
T0000006426,2024-12-18 20:04:21,rB######,
T0000006427,2025-02-12 18:04:30,kT######,
T0000006428,2025-02-18 05:40:56,vE######,120000.0
T0000006429,2025-02-21 16:14:23,cd######,1040000.0
T0000006430,2024-09-16 09:49:43,zX######,1050000.0
T0000006431,2024-05-13 11:12:47,DB######,770000.0
T0000006432,2024-08-11 21:51:38,Fr######,120000.0
T0000006433,2024-11-17 03:58:02,PU######,
T0000006434,2024-06-01 18:12:16,zr######,420000.0
T0000006435,2024-08-20 13:46:58,xR######,150000.0
T0000006436,2024-04-01 08:14:27,NZ######,360000.0
T0000006437,2024-10-09 12:02:33,yU######,380000.0
T0000006438,2024-07-19 19:31:30,OX######,
T0000006439,2024-09-23 06:40:10,cd######,
T0000006440,2024-05-18 20:24:59,Na######,
T0000006441,2024-09-04 10:16:46,gM######,1620000.0
T0000006442,2024-07-27 16:20:21,IN######,
T0000006443,2024-11-12 02:13:21,SF######,900000.0
T0000006444,2024-07-17 04:47:34,Qz######,
T0000006445,2025-01-04 12:53:06,ft######,925000.0
T0000006446,2024-09-17 00:08:59,CT######,
T0000006447,2024-03-17 04:02:28,MK######,170000.0
T0000006448,2024-09-02 15:10:31,zt######,
T0000006449,2025-01-16 15:46:54,VD######,1320000.0
T0000006450,2025-02-02 13:36:01,Nt######,375000.0
T0000006451,2024-12-12 18:15:36,eP######,100000.0
T0000006452,2024-04-30 21:26:51,Xf######,900000.0
T0000006453,2024-06-23 08:11:41,GE######,50000.0
T0000006454,2024-10-13 01:21:04,SB######,85000.0
T0000006455,2024-10-28 21:44:44,VP######,50000.0
T0000006456,2024-04-17 14:47:11,kH######,480000.0
T0000006457,2024-04-13 01:08:07,Op######,540000.0
T0000006458,2024-10-07 01:24:22,Ez######,960000.0
T0000006459,2024-09-28 09:30:57,HU######,
T0000006460,2024-12-26 02:00:55,bS######,360000.0
T0000006461,2024-08-20 10:49:46,RA######,1050000.0
T0000006462,2024-06-28 10:55:33,NM######,
T0000006463,2024-08-26 14:38:30,Wp######,
T0000006464,2025-02-16 20:13:23,UJ######,320000.0
T0000006465,2024-07-07 21:14:53,CU######,
T0000006466,2024-07-26 17:53:42,Kt######,50000.0
T0000006467,2024-04-02 09:18:20,pQ######,
T0000006468,2024-08-05 09:43:56,ED######,675000.0
T0000006469,2024-12-18 15:47:53,SH######,
T0000006470,2024-03-11 21:02:04,rc######,
T0000006471,2024-09-10 14:48:56,Ib######,360000.0
T0000006472,2025-01-30 01:03:39,Ny######,
T0000006473,2025-01-14 19:22:09,Ec######,
T0000006474,2024-03-22 18:55:20,Gf######,180000.0
T0000006475,2024-05-25 23:37:31,Ie######,780000.0
T0000006476,2024-04-01 01:34:14,Ap######,360000.0
T0000006477,2024-05-10 22:09:53,tg######,840000.0
T0000006478,2024-06-12 03:26:41,Sx######,1260000.0
T0000006479,2024-12-23 14:48:07,MR######,85000.0
T0000006480,2024-12-15 22:58:08,gy######,
T0000006481,2024-05-04 20:56:50,rL######,420000.0
T0000006482,2024-07-31 13:06:58,yk######,100000.0
T0000006483,2024-09-11 13:12:32,PV######,
T0000006484,2024-04-24 05:36:03,AC######,255000.0
T0000006485,2024-05-11 21:33:29,aT######,520000.0
T0000006486,2024-03-25 01:39:12,GM######,50000.0
T0000006487,2024-09-10 10:10:36,zE######,910000.0
T0000006488,2024-07-05 03:24:50,vQ######,1080000.0
T0000006489,2024-09-30 12:20:42,Xx######,
T0000006490,2024-10-12 05:32:54,Yi######,
T0000006491,2025-01-04 10:28:45,Mf######,240000.0
T0000006492,2024-12-20 14:53:04,sd######,
T0000006493,2025-01-02 22:51:38,Nt######,
T0000006494,2024-07-07 01:06:35,gz######,
T0000006495,2024-12-16 20:36:36,jJ######,85000.0
T0000006496,2024-08-04 16:38:53,ei######,1765000.0
T0000006497,2024-05-08 03:02:20,Wm######,
T0000006498,2025-01-30 02:20:17,aT######,
T0000006499,2024-11-25 14:00:00,fH######,2150000.0
T0000006500,2025-02-17 12:39:20,gd######,1425000.0
T0000006501,2025-03-03 16:08:03,lb######,
T0000006502,2024-10-16 15:54:50,rW######,480000.0
T0000006503,2025-01-17 18:46:38,dm######,
T0000006504,2024-06-12 22:50:08,nb######,
T0000006505,2025-01-31 11:00:09,HL######,
T0000006506,2024-05-29 15:09:50,MR######,
T0000006507,2024-04-18 11:56:03,xR######,1080000.0
T0000006508,2025-02-18 06:19:48,LL######,
T0000006509,2024-11-27 07:05:18,Dr######,360000.0
T0000006510,2024-08-14 01:17:19,wb######,
T0000006511,2025-01-16 16:01:48,DX######,
T0000006512,2024-10-05 19:57:35,lT######,630000.0
T0000006513,2024-03-28 04:18:58,vT######,
T0000006514,2024-09-05 17:56:03,pd######,510000.0
T0000006515,2024-03-24 13:11:58,qV######,
T0000006516,2024-05-05 08:15:52,GR######,805000.0
T0000006517,2024-12-13 11:08:33,HS######,
T0000006518,2024-07-19 06:32:09,YB######,
T0000006519,2024-06-02 07:35:03,zv######,1180000.0
T0000006520,2025-01-06 22:21:50,sQ######,540000.0
T0000006521,2024-06-25 05:04:56,hA######,370000.0
T0000006522,2024-07-06 22:31:24,IZ######,1050000.0
T0000006523,2024-10-24 08:54:07,De######,2175000.0
T0000006524,2024-07-24 11:42:42,sr######,695000.0
T0000006525,2024-09-17 13:55:46,bN######,360000.0
T0000006526,2024-08-31 08:35:14,gD######,
T0000006527,2025-01-16 17:20:11,FB######,
T0000006528,2024-09-27 17:53:14,My######,240000.0
T0000006529,2024-07-26 12:55:20,nn######,420000.0
T0000006530,2024-09-18 08:01:26,VX######,100000.0
T0000006531,2024-07-16 04:57:00,qw######,360000.0
T0000006532,2024-06-24 10:49:30,yW######,
T0000006533,2024-09-17 15:13:12,bZ######,760000.0
T0000006534,2024-04-27 14:29:10,Ao######,540000.0
T0000006535,2024-05-01 08:57:20,IT######,630000.0
T0000006536,2024-12-08 17:47:40,GC######,150000.0
T0000006537,2025-02-23 02:47:03,SM######,600000.0
T0000006538,2024-06-14 16:17:39,SC######,720000.0
T0000006539,2024-10-27 08:43:57,in######,850000.0
T0000006540,2024-07-14 17:33:09,Wb######,630000.0
T0000006541,2024-07-17 03:50:22,ES######,
T0000006542,2024-03-10 10:49:37,Fu######,
T0000006543,2024-04-13 12:27:33,wm######,
T0000006544,2024-07-20 14:11:50,cM######,85000.0
T0000006545,2025-02-08 06:26:31,ti######,
T0000006546,2024-09-20 01:06:01,ge######,630000.0
T0000006547,2024-07-01 04:25:19,Ht######,
T0000006548,2024-09-27 14:22:41,Rx######,
T0000006549,2024-05-12 05:54:21,xp######,
T0000006550,2024-06-14 13:58:55,Ad######,
T0000006551,2024-12-07 21:11:53,br######,540000.0
T0000006552,2024-07-07 19:37:13,hF######,270000.0
T0000006553,2024-12-10 13:17:10,vp######,280000.0
T0000006554,2025-02-28 23:03:18,tu######,1105000.0
T0000006555,2025-01-23 07:42:45,Zc######,
T0000006556,2024-07-09 15:57:13,Gw######,
T0000006557,2024-05-05 22:55:48,Il######,
T0000006558,2025-01-11 21:33:32,CR######,180000.0
T0000006559,2024-04-20 19:50:47,KN######,340000.0
T0000006560,2024-10-12 12:16:45,nc######,420000.0
T0000006561,2024-10-16 05:52:53,Cq######,
T0000006562,2024-07-18 04:23:12,bf######,
T0000006563,2024-08-29 16:36:16,jX######,
T0000006564,2024-06-22 20:52:13,pU######,840000.0
T0000006565,2024-12-19 16:40:15,EE######,
T0000006566,2024-05-12 09:04:42,gY######,255000.0
T0000006567,2025-01-25 14:35:53,dL######,170000.0
T0000006568,2024-09-19 04:32:17,KE######,720000.0
T0000006569,2024-03-21 17:37:20,lh######,
T0000006570,2025-02-27 06:00:49,hd######,
T0000006571,2024-04-07 05:13:48,PX######,720000.0
T0000006572,2024-10-30 20:59:13,tk######,840000.0
T0000006573,2024-09-28 01:02:37,gw######,
T0000006574,2024-09-27 21:52:53,CQ######,120000.0
T0000006575,2024-07-09 17:25:01,FV######,340000.0
T0000006576,2024-07-18 08:34:46,Gr######,85000.0
T0000006577,2024-06-15 10:51:16,Su######,745000.0
T0000006578,2025-02-08 13:49:42,DN######,
T0000006579,2024-04-06 08:14:13,pP######,
T0000006580,2025-03-07 01:43:28,ud######,240000.0
T0000006581,2025-02-04 02:36:03,FV######,350000.0
T0000006582,2024-06-02 23:02:35,Lk######,
T0000006583,2024-05-14 08:33:06,VV######,100000.0
T0000006584,2024-10-07 10:34:15,nh######,
T0000006585,2024-11-12 15:05:43,Zx######,
T0000006586,2024-10-28 16:51:21,dg######,85000.0
T0000006587,2024-03-12 00:06:51,er######,400000.0
T0000006588,2024-07-13 07:02:26,kb######,85000.0
T0000006589,2024-06-11 22:22:35,sv######,120000.0
T0000006590,2024-11-12 03:53:33,Eq######,
T0000006591,2024-07-04 03:30:46,ng######,255000.0
T0000006592,2024-04-22 15:27:48,xQ######,210000.0
T0000006593,2024-04-02 17:56:25,Cg######,1120000.0
T0000006594,2024-06-17 18:15:49,fv######,210000.0
T0000006595,2024-12-02 06:16:15,fo######,
T0000006596,2024-03-12 12:53:23,mH######,630000.0
T0000006597,2025-01-12 13:35:57,NI######,240000.0
T0000006598,2024-05-03 13:23:17,Qz######,340000.0
T0000006599,2024-10-24 04:12:23,Rb######,
T0000006600,2024-11-16 15:10:54,ii######,120000.0
T0000006601,2024-12-25 19:40:57,SD######,
T0000006602,2024-05-17 23:05:17,cH######,
T0000006603,2024-06-06 16:31:25,pG######,
T0000006604,2025-01-25 00:02:06,xJ######,990000.0
T0000006605,2024-07-30 03:41:00,yN######,150000.0
T0000006606,2025-01-27 16:35:52,DS######,240000.0
T0000006607,2024-09-19 04:37:57,sE######,1080000.0
T0000006608,2024-04-28 17:56:49,KP######,
T0000006609,2024-06-30 14:25:07,jj######,930000.0
T0000006610,2024-05-20 10:09:15,aC######,740000.0
T0000006611,2024-12-08 07:06:18,ij######,85000.0
T0000006612,2024-03-10 08:05:15,Gc######,
T0000006613,2024-05-17 00:57:21,Xu######,200000.0
T0000006614,2024-08-22 19:53:54,FD######,240000.0
T0000006615,2024-07-26 20:21:12,wD######,
T0000006616,2024-03-31 01:51:34,LL######,420000.0
T0000006617,2024-10-23 07:01:11,KF######,235000.0
T0000006618,2025-02-16 00:15:37,mO######,750000.0
T0000006619,2024-03-18 03:57:42,wb######,
T0000006620,2025-02-10 12:16:55,vE######,435000.0
T0000006621,2025-02-26 11:13:18,aQ######,
T0000006622,2025-01-13 11:31:51,vW######,370000.0
T0000006623,2024-07-11 19:08:18,Gi######,
T0000006624,2024-10-17 01:07:21,aC######,
T0000006625,2024-09-25 09:30:38,Nh######,210000.0
T0000006626,2024-11-21 01:06:01,lr######,
T0000006627,2024-11-03 16:44:27,xT######,
T0000006628,2024-08-10 00:23:42,Tl######,520000.0
T0000006629,2024-04-29 19:44:19,pt######,970000.0
T0000006630,2024-06-08 23:55:28,dt######,360000.0
T0000006631,2024-11-14 08:23:22,Zd######,
T0000006632,2024-04-04 08:06:30,De######,
T0000006633,2024-07-20 20:10:35,Ex######,340000.0
T0000006634,2024-10-23 19:49:33,NM######,
T0000006635,2024-10-26 21:01:01,wh######,135000.0
T0000006636,2024-07-06 14:14:15,OO######,1200000.0
T0000006637,2025-01-13 03:13:15,PL######,680000.0
T0000006638,2024-04-16 00:40:59,Om######,715000.0
T0000006639,2024-03-30 22:05:50,kB######,780000.0
T0000006640,2024-10-10 10:16:38,yA######,
T0000006641,2024-09-23 15:01:26,XE######,480000.0
T0000006642,2024-11-10 20:55:54,fW######,300000.0
T0000006643,2024-11-13 03:18:45,Dg######,210000.0
T0000006644,2024-12-03 19:29:47,uO######,630000.0
T0000006645,2025-01-25 04:16:59,pw######,900000.0
T0000006646,2025-01-26 06:26:18,RD######,590000.0
T0000006647,2024-11-06 22:42:03,WR######,
T0000006648,2024-07-23 13:09:24,fd######,
T0000006649,2024-04-29 09:10:11,bf######,390000.0
T0000006650,2024-12-10 01:01:24,tu######,720000.0
T0000006651,2024-07-08 16:21:01,bb######,615000.0
T0000006652,2024-10-27 15:21:32,HF######,
T0000006653,2024-09-12 20:03:40,eL######,
T0000006654,2024-11-10 00:28:56,tg######,240000.0
T0000006655,2024-07-04 17:52:01,xe######,210000.0
T0000006656,2024-08-04 04:56:21,My######,
T0000006657,2024-08-14 01:01:37,gu######,1455000.0
T0000006658,2024-03-18 18:25:57,qf######,210000.0
T0000006659,2024-06-07 13:02:09,Fq######,200000.0
T0000006660,2024-05-09 11:47:42,Cl######,
T0000006661,2024-04-14 01:59:24,aY######,360000.0
T0000006662,2024-07-07 14:05:04,yz######,
T0000006663,2024-12-10 12:54:25,UM######,320000.0
T0000006664,2024-06-13 00:02:15,yz######,
T0000006665,2024-11-09 04:28:57,TW######,255000.0
T0000006666,2024-05-02 05:55:35,Op######,540000.0
T0000006667,2024-10-23 21:55:05,yb######,720000.0
T0000006668,2025-01-18 19:01:36,al######,640000.0
T0000006669,2024-07-17 01:03:56,gY######,
T0000006670,2024-10-26 02:04:04,iY######,
T0000006671,2024-05-19 03:51:29,Ai######,375000.0
T0000006672,2024-11-10 18:56:13,JX######,200000.0
T0000006673,2024-05-02 15:51:21,Qf######,725000.0
T0000006674,2024-05-08 15:22:09,LC######,210000.0
T0000006675,2025-02-27 13:30:32,OO######,
T0000006676,2024-04-20 06:42:24,SB######,290000.0
T0000006677,2025-01-12 02:35:56,OA######,360000.0
T0000006678,2024-12-18 10:35:24,qK######,85000.0
T0000006679,2024-05-31 03:58:22,nc######,
T0000006680,2024-05-18 13:47:07,vp######,1060000.0
T0000006681,2024-05-23 23:29:01,bY######,1130000.0
T0000006682,2025-01-03 01:54:12,VC######,
T0000006683,2024-03-16 02:52:05,dp######,1010000.0
T0000006684,2025-01-01 19:03:14,xd######,200000.0
T0000006685,2024-06-04 05:29:41,PD######,420000.0
T0000006686,2025-02-28 12:09:14,Cn######,840000.0
T0000006687,2024-05-06 05:20:16,PX######,100000.0
T0000006688,2024-12-20 02:32:03,xQ######,
T0000006689,2024-03-07 09:20:24,Ac######,
T0000006690,2025-02-05 06:10:05,CF######,120000.0
T0000006691,2025-03-05 00:00:58,Hc######,1260000.0
T0000006692,2024-06-25 14:15:30,BK######,
T0000006693,2025-01-31 16:27:37,TN######,200000.0
T0000006694,2024-04-11 10:07:15,Vk######,1470000.0
T0000006695,2024-10-08 16:50:53,FA######,85000.0
T0000006696,2025-01-18 04:56:04,kR######,85000.0
T0000006697,2024-08-26 06:45:13,qG######,890000.0
T0000006698,2024-07-29 12:25:17,hJ######,
T0000006699,2024-09-21 17:51:02,CN######,
T0000006700,2024-08-04 13:12:35,yz######,
T0000006701,2024-05-24 06:31:58,sR######,1420000.0
T0000006702,2024-04-24 21:50:40,OA######,1050000.0
T0000006703,2024-10-21 05:29:47,XE######,360000.0
T0000006704,2024-06-28 20:54:53,YX######,930000.0
T0000006705,2024-03-08 02:20:07,Qo######,
T0000006706,2025-02-13 19:24:06,ds######,
T0000006707,2024-11-07 01:03:34,IJ######,
T0000006708,2024-11-11 09:42:33,AT######,150000.0
T0000006709,2024-08-21 16:47:11,mg######,830000.0
T0000006710,2024-05-27 20:44:01,Wm######,
T0000006711,2025-01-01 02:40:14,Ap######,120000.0
T0000006712,2024-06-03 07:08:52,PU######,360000.0
T0000006713,2025-01-27 01:51:23,yf######,720000.0
T0000006714,2024-07-19 15:37:01,RM######,
T0000006715,2025-01-28 16:11:15,MF######,
T0000006716,2024-04-28 23:50:24,ax######,240000.0
T0000006717,2025-02-28 05:03:58,kK######,
T0000006718,2025-03-06 05:16:24,Ld######,630000.0
T0000006719,2024-07-16 01:21:14,Bv######,340000.0
T0000006720,2024-03-23 08:03:46,zN######,970000.0
T0000006721,2024-08-18 01:04:23,Ff######,
T0000006722,2024-05-22 22:25:31,bD######,975000.0
T0000006723,2024-09-29 17:52:37,Il######,360000.0
T0000006724,2024-11-28 13:08:19,dc######,960000.0
T0000006725,2025-02-12 22:02:40,Jt######,200000.0
T0000006726,2024-11-14 09:40:52,hf######,200000.0
T0000006727,2024-07-01 20:31:19,jZ######,630000.0
T0000006728,2024-11-17 03:18:52,nn######,840000.0
T0000006729,2025-02-20 10:18:54,uI######,
T0000006730,2024-12-21 18:12:38,mg######,200000.0
T0000006731,2024-03-17 16:43:11,fs######,380000.0
T0000006732,2025-02-05 02:15:59,Tl######,420000.0
T0000006733,2025-01-24 14:26:07,qH######,170000.0
T0000006734,2024-05-13 20:03:04,gm######,840000.0
T0000006735,2024-06-02 23:07:42,Be######,
T0000006736,2024-05-19 07:17:15,Xt######,
T0000006737,2025-01-16 10:45:37,OA######,50000.0
T0000006738,2024-09-22 01:54:52,Ol######,630000.0
T0000006739,2024-10-23 03:02:05,vT######,840000.0
T0000006740,2024-05-25 09:18:31,Km######,
T0000006741,2024-07-19 10:17:23,Vb######,630000.0
T0000006742,2024-05-03 08:37:52,vT######,360000.0
T0000006743,2024-11-22 02:22:15,Em######,1020000.0
T0000006744,2025-02-27 12:32:48,EM######,200000.0
T0000006745,2024-09-10 15:34:41,mn######,360000.0
T0000006746,2024-07-01 14:40:30,bX######,85000.0
T0000006747,2024-12-18 19:24:25,kR######,1430000.0
T0000006748,2024-04-07 04:32:16,tF######,85000.0
T0000006749,2024-10-09 10:57:50,Qq######,360000.0
T0000006750,2024-06-08 12:34:46,hf######,210000.0
T0000006751,2024-04-08 06:47:37,TN######,
T0000006752,2024-10-17 09:11:02,Sg######,885000.0
T0000006753,2024-04-27 07:31:41,BB######,720000.0
T0000006754,2025-01-28 16:57:36,Tm######,
T0000006755,2024-03-07 03:45:22,Ui######,540000.0
T0000006756,2024-05-05 15:49:51,CR######,
T0000006757,2024-11-04 19:27:26,fo######,
T0000006758,2024-05-15 13:57:48,lr######,230000.0
T0000006759,2024-10-30 11:28:14,gw######,
T0000006760,2024-07-26 01:47:20,GI######,
T0000006761,2024-06-30 04:23:17,QI######,120000.0
T0000006762,2024-06-24 20:30:21,Ct######,720000.0
T0000006763,2024-06-03 16:12:33,st######,975000.0
T0000006764,2024-10-17 13:07:18,xZ######,
T0000006765,2024-12-08 00:40:59,BB######,
T0000006766,2024-06-18 13:52:11,uz######,855000.0
T0000006767,2024-06-13 23:38:17,yb######,
T0000006768,2024-05-08 01:21:11,OV######,840000.0
T0000006769,2025-01-15 13:28:11,xM######,990000.0
T0000006770,2024-09-07 21:03:58,Io######,
T0000006771,2024-05-29 17:15:25,VR######,1080000.0
T0000006772,2025-02-09 07:55:28,Rj######,330000.0
T0000006773,2025-02-18 04:43:03,qp######,
T0000006774,2024-12-29 07:22:23,cm######,150000.0
T0000006775,2025-01-18 18:21:23,QC######,200000.0
T0000006776,2024-12-02 02:32:48,PV######,
T0000006777,2024-12-20 16:58:48,Rp######,960000.0
T0000006778,2024-07-02 13:22:37,eL######,
T0000006779,2024-04-22 14:04:04,EE######,
T0000006780,2024-07-05 03:24:11,cQ######,200000.0
T0000006781,2024-06-13 15:55:13,bX######,540000.0
T0000006782,2024-10-21 15:23:46,cQ######,1035000.0
T0000006783,2024-07-13 12:36:25,yV######,680000.0
T0000006784,2024-05-02 03:45:02,Im######,960000.0
T0000006785,2025-03-05 05:02:35,Up######,
